"filename", "language", "Properties", "JavaScript", "HTML", "JSON", "Vue", "Python", "Markdown", "Batch", "PowerShell", "XML", "CSS", "comment", "blank", "total"
"c:\Users\shiva\Documents\project\Node\isohel-client\.editorconfig", "Properties", 7, 0, 0, 0, 0, 0, 0, 0, 0, 0, 0, 0, 1, 8
"c:\Users\shiva\Documents\project\Node\isohel-client\README.md", "Markdown", 0, 0, 0, 0, 0, 0, 19, 0, 0, 0, 0, 0, 6, 25
"c:\Users\shiva\Documents\project\Node\isohel-client\babel.config.js", "JavaScript", 0, 5, 0, 0, 0, 0, 0, 0, 0, 0, 0, 0, 1, 6
"c:\Users\shiva\Documents\project\Node\isohel-client\backend\app.py", "Python", 0, 0, 0, 0, 0, 6, 0, 0, 0, 0, 0, 0, 3, 9
"c:\Users\shiva\Documents\project\Node\isohel-client\backend\env\Lib\site-packages\click\__init__.py", "Python", 0, 0, 0, 0, 0, 69, 0, 0, 0, 0, 0, 8, 3, 80
"c:\Users\shiva\Documents\project\Node\isohel-client\backend\env\Lib\site-packages\click\_bashcomplete.py", "Python", 0, 0, 0, 0, 0, 212, 0, 0, 0, 0, 0, 118, 46, 376
"c:\Users\shiva\Documents\project\Node\isohel-client\backend\env\Lib\site-packages\click\_compat.py", "Python", 0, 0, 0, 0, 0, 547, 0, 0, 0, 0, 0, 99, 141, 787
"c:\Users\shiva\Documents\project\Node\isohel-client\backend\env\Lib\site-packages\click\_termui_impl.py", "Python", 0, 0, 0, 0, 0, 493, 0, 0, 0, 0, 0, 77, 88, 658
"c:\Users\shiva\Documents\project\Node\isohel-client\backend\env\Lib\site-packages\click\_textwrap.py", "Python", 0, 0, 0, 0, 0, 32, 0, 0, 0, 0, 0, 0, 6, 38
"c:\Users\shiva\Documents\project\Node\isohel-client\backend\env\Lib\site-packages\click\_unicodefun.py", "Python", 0, 0, 0, 0, 0, 110, 0, 0, 0, 0, 0, 2, 20, 132
"c:\Users\shiva\Documents\project\Node\isohel-client\backend\env\Lib\site-packages\click\_winconsole.py", "Python", 0, 0, 0, 0, 0, 272, 0, 0, 0, 0, 0, 24, 75, 371
"c:\Users\shiva\Documents\project\Node\isohel-client\backend\env\Lib\site-packages\click\core.py", "Python", 0, 0, 0, 0, 0, 1126, 0, 0, 0, 0, 0, 669, 236, 2031
"c:\Users\shiva\Documents\project\Node\isohel-client\backend\env\Lib\site-packages\click\decorators.py", "Python", 0, 0, 0, 0, 0, 164, 0, 0, 0, 0, 0, 116, 54, 334
"c:\Users\shiva\Documents\project\Node\isohel-client\backend\env\Lib\site-packages\click\exceptions.py", "Python", 0, 0, 0, 0, 0, 141, 0, 0, 0, 0, 0, 61, 52, 254
"c:\Users\shiva\Documents\project\Node\isohel-client\backend\env\Lib\site-packages\click\formatting.py", "Python", 0, 0, 0, 0, 0, 177, 0, 0, 0, 0, 0, 66, 41, 284
"c:\Users\shiva\Documents\project\Node\isohel-client\backend\env\Lib\site-packages\click\globals.py", "Python", 0, 0, 0, 0, 0, 18, 0, 0, 0, 0, 0, 20, 10, 48
"c:\Users\shiva\Documents\project\Node\isohel-client\backend\env\Lib\site-packages\click\parser.py", "Python", 0, 0, 0, 0, 0, 256, 0, 0, 0, 0, 0, 118, 55, 429
"c:\Users\shiva\Documents\project\Node\isohel-client\backend\env\Lib\site-packages\click\termui.py", "Python", 0, 0, 0, 0, 0, 299, 0, 0, 0, 0, 0, 324, 59, 682
"c:\Users\shiva\Documents\project\Node\isohel-client\backend\env\Lib\site-packages\click\testing.py", "Python", 0, 0, 0, 0, 0, 249, 0, 0, 0, 0, 0, 84, 50, 383
"c:\Users\shiva\Documents\project\Node\isohel-client\backend\env\Lib\site-packages\click\types.py", "Python", 0, 0, 0, 0, 0, 458, 0, 0, 0, 0, 0, 189, 116, 763
"c:\Users\shiva\Documents\project\Node\isohel-client\backend\env\Lib\site-packages\click\utils.py", "Python", 0, 0, 0, 0, 0, 212, 0, 0, 0, 0, 0, 183, 61, 456
"c:\Users\shiva\Documents\project\Node\isohel-client\backend\env\Lib\site-packages\easy_install.py", "Python", 0, 0, 0, 0, 0, 3, 0, 0, 0, 0, 0, 1, 2, 6
"c:\Users\shiva\Documents\project\Node\isohel-client\backend\env\Lib\site-packages\flask\__init__.py", "Python", 0, 0, 0, 0, 0, 45, 0, 0, 0, 0, 0, 13, 3, 61
"c:\Users\shiva\Documents\project\Node\isohel-client\backend\env\Lib\site-packages\flask\__main__.py", "Python", 0, 0, 0, 0, 0, 3, 0, 0, 0, 0, 0, 10, 3, 16
"c:\Users\shiva\Documents\project\Node\isohel-client\backend\env\Lib\site-packages\flask\_compat.py", "Python", 0, 0, 0, 0, 0, 83, 0, 0, 0, 0, 0, 32, 31, 146
"c:\Users\shiva\Documents\project\Node\isohel-client\backend\env\Lib\site-packages\flask\app.py", "Python", 0, 0, 0, 0, 0, 840, 0, 0, 0, 0, 0, 1413, 215, 2468
"c:\Users\shiva\Documents\project\Node\isohel-client\backend\env\Lib\site-packages\flask\blueprints.py", "Python", 0, 0, 0, 0, 0, 242, 0, 0, 0, 0, 0, 247, 81, 570
"c:\Users\shiva\Documents\project\Node\isohel-client\backend\env\Lib\site-packages\flask\cli.py", "Python", 0, 0, 0, 0, 0, 592, 0, 0, 0, 0, 0, 198, 182, 972
"c:\Users\shiva\Documents\project\Node\isohel-client\backend\env\Lib\site-packages\flask\config.py", "Python", 0, 0, 0, 0, 0, 99, 0, 0, 0, 0, 0, 152, 19, 270
"c:\Users\shiva\Documents\project\Node\isohel-client\backend\env\Lib\site-packages\flask\ctx.py", "Python", 0, 0, 0, 0, 0, 184, 0, 0, 0, 0, 0, 230, 62, 476
"c:\Users\shiva\Documents\project\Node\isohel-client\backend\env\Lib\site-packages\flask\debughelpers.py", "Python", 0, 0, 0, 0, 0, 128, 0, 0, 0, 0, 0, 26, 30, 184
"c:\Users\shiva\Documents\project\Node\isohel-client\backend\env\Lib\site-packages\flask\globals.py", "Python", 0, 0, 0, 0, 0, 26, 0, 0, 0, 0, 0, 25, 12, 63
"c:\Users\shiva\Documents\project\Node\isohel-client\backend\env\Lib\site-packages\flask\helpers.py", "Python", 0, 0, 0, 0, 0, 477, 0, 0, 0, 0, 0, 559, 120, 1156
"c:\Users\shiva\Documents\project\Node\isohel-client\backend\env\Lib\site-packages\flask\json\__init__.py", "Python", 0, 0, 0, 0, 0, 155, 0, 0, 0, 0, 0, 166, 56, 377
"c:\Users\shiva\Documents\project\Node\isohel-client\backend\env\Lib\site-packages\flask\json\tag.py", "Python", 0, 0, 0, 0, 0, 142, 0, 0, 0, 0, 0, 96, 72, 310
"c:\Users\shiva\Documents\project\Node\isohel-client\backend\env\Lib\site-packages\flask\logging.py", "Python", 0, 0, 0, 0, 0, 47, 0, 0, 0, 0, 0, 40, 23, 110
"c:\Users\shiva\Documents\project\Node\isohel-client\backend\env\Lib\site-packages\flask\sessions.py", "Python", 0, 0, 0, 0, 0, 161, 0, 0, 0, 0, 0, 166, 62, 389
"c:\Users\shiva\Documents\project\Node\isohel-client\backend\env\Lib\site-packages\flask\signals.py", "Python", 0, 0, 0, 0, 0, 34, 0, 0, 0, 0, 0, 20, 12, 66
"c:\Users\shiva\Documents\project\Node\isohel-client\backend\env\Lib\site-packages\flask\templating.py", "Python", 0, 0, 0, 0, 0, 89, 0, 0, 0, 0, 0, 38, 29, 156
"c:\Users\shiva\Documents\project\Node\isohel-client\backend\env\Lib\site-packages\flask\testing.py", "Python", 0, 0, 0, 0, 0, 146, 0, 0, 0, 0, 0, 100, 38, 284
"c:\Users\shiva\Documents\project\Node\isohel-client\backend\env\Lib\site-packages\flask\views.py", "Python", 0, 0, 0, 0, 0, 48, 0, 0, 0, 0, 0, 91, 25, 164
"c:\Users\shiva\Documents\project\Node\isohel-client\backend\env\Lib\site-packages\flask\wrappers.py", "Python", 0, 0, 0, 0, 0, 47, 0, 0, 0, 0, 0, 68, 23, 138
"c:\Users\shiva\Documents\project\Node\isohel-client\backend\env\Lib\site-packages\itsdangerous\__init__.py", "Python", 0, 0, 0, 0, 0, 21, 0, 0, 0, 0, 0, 0, 2, 23
"c:\Users\shiva\Documents\project\Node\isohel-client\backend\env\Lib\site-packages\itsdangerous\_compat.py", "Python", 0, 0, 0, 0, 0, 24, 0, 0, 0, 0, 0, 14, 9, 47
"c:\Users\shiva\Documents\project\Node\isohel-client\backend\env\Lib\site-packages\itsdangerous\_json.py", "Python", 0, 0, 0, 0, 0, 13, 0, 0, 0, 0, 0, 1, 5, 19
"c:\Users\shiva\Documents\project\Node\isohel-client\backend\env\Lib\site-packages\itsdangerous\encoding.py", "Python", 0, 0, 0, 0, 0, 27, 0, 0, 0, 0, 0, 7, 16, 50
"c:\Users\shiva\Documents\project\Node\isohel-client\backend\env\Lib\site-packages\itsdangerous\exc.py", "Python", 0, 0, 0, 0, 0, 31, 0, 0, 0, 0, 0, 41, 27, 99
"c:\Users\shiva\Documents\project\Node\isohel-client\backend\env\Lib\site-packages\itsdangerous\jws.py", "Python", 0, 0, 0, 0, 0, 170, 0, 0, 0, 0, 0, 21, 28, 219
"c:\Users\shiva\Documents\project\Node\isohel-client\backend\env\Lib\site-packages\itsdangerous\serializer.py", "Python", 0, 0, 0, 0, 0, 108, 0, 0, 0, 0, 0, 105, 21, 234
"c:\Users\shiva\Documents\project\Node\isohel-client\backend\env\Lib\site-packages\itsdangerous\signer.py", "Python", 0, 0, 0, 0, 0, 98, 0, 0, 0, 0, 0, 57, 25, 180
"c:\Users\shiva\Documents\project\Node\isohel-client\backend\env\Lib\site-packages\itsdangerous\timed.py", "Python", 0, 0, 0, 0, 0, 85, 0, 0, 0, 0, 0, 43, 20, 148
"c:\Users\shiva\Documents\project\Node\isohel-client\backend\env\Lib\site-packages\itsdangerous\url_safe.py", "Python", 0, 0, 0, 0, 0, 43, 0, 0, 0, 0, 0, 12, 11, 66
"c:\Users\shiva\Documents\project\Node\isohel-client\backend\env\Lib\site-packages\jinja2\__init__.py", "Python", 0, 0, 0, 0, 0, 37, 0, 0, 0, 0, 0, 5, 3, 45
"c:\Users\shiva\Documents\project\Node\isohel-client\backend\env\Lib\site-packages\jinja2\_compat.py", "Python", 0, 0, 0, 0, 0, 92, 0, 0, 0, 0, 0, 7, 34, 133
"c:\Users\shiva\Documents\project\Node\isohel-client\backend\env\Lib\site-packages\jinja2\_identifier.py", "Python", 0, 0, 0, 0, 0, 4, 0, 0, 0, 0, 0, 1, 2, 7
"c:\Users\shiva\Documents\project\Node\isohel-client\backend\env\Lib\site-packages\jinja2\asyncfilters.py", "Python", 0, 0, 0, 0, 0, 113, 0, 0, 0, 0, 0, 2, 44, 159
"c:\Users\shiva\Documents\project\Node\isohel-client\backend\env\Lib\site-packages\jinja2\asyncsupport.py", "Python", 0, 0, 0, 0, 0, 189, 0, 0, 0, 0, 0, 4, 72, 265
"c:\Users\shiva\Documents\project\Node\isohel-client\backend\env\Lib\site-packages\jinja2\bccache.py", "Python", 0, 0, 0, 0, 0, 176, 0, 0, 0, 0, 0, 135, 40, 351
"c:\Users\shiva\Documents\project\Node\isohel-client\backend\env\Lib\site-packages\jinja2\compiler.py", "Python", 0, 0, 0, 0, 0, 1363, 0, 0, 0, 0, 0, 228, 253, 1844
"c:\Users\shiva\Documents\project\Node\isohel-client\backend\env\Lib\site-packages\jinja2\constants.py", "Python", 0, 0, 0, 0, 0, 1, 0, 0, 0, 0, 0, 20, 1, 22
"c:\Users\shiva\Documents\project\Node\isohel-client\backend\env\Lib\site-packages\jinja2\debug.py", "Python", 0, 0, 0, 0, 0, 149, 0, 0, 0, 0, 0, 70, 50, 269
"c:\Users\shiva\Documents\project\Node\isohel-client\backend\env\Lib\site-packages\jinja2\defaults.py", "Python", 0, 0, 0, 0, 0, 36, 0, 0, 0, 0, 0, 4, 5, 45
"c:\Users\shiva\Documents\project\Node\isohel-client\backend\env\Lib\site-packages\jinja2\environment.py", "Python", 0, 0, 0, 0, 0, 714, 0, 0, 0, 0, 0, 513, 136, 1363
"c:\Users\shiva\Documents\project\Node\isohel-client\backend\env\Lib\site-packages\jinja2\exceptions.py", "Python", 0, 0, 0, 0, 0, 89, 0, 0, 0, 0, 0, 45, 44, 178
"c:\Users\shiva\Documents\project\Node\isohel-client\backend\env\Lib\site-packages\jinja2\ext.py", "Python", 0, 0, 0, 0, 0, 429, 0, 0, 0, 0, 0, 180, 96, 705
"c:\Users\shiva\Documents\project\Node\isohel-client\backend\env\Lib\site-packages\jinja2\filters.py", "Python", 0, 0, 0, 0, 0, 569, 0, 0, 0, 0, 0, 650, 164, 1383
"c:\Users\shiva\Documents\project\Node\isohel-client\backend\env\Lib\site-packages\jinja2\idtracking.py", "Python", 0, 0, 0, 0, 0, 218, 0, 0, 0, 0, 0, 16, 57, 291
"c:\Users\shiva\Documents\project\Node\isohel-client\backend\env\Lib\site-packages\jinja2\lexer.py", "Python", 0, 0, 0, 0, 0, 616, 0, 0, 0, 0, 0, 148, 85, 849
"c:\Users\shiva\Documents\project\Node\isohel-client\backend\env\Lib\site-packages\jinja2\loaders.py", "Python", 0, 0, 0, 0, 0, 249, 0, 0, 0, 0, 0, 177, 79, 505
"c:\Users\shiva\Documents\project\Node\isohel-client\backend\env\Lib\site-packages\jinja2\meta.py", "Python", 0, 0, 0, 0, 0, 43, 0, 0, 0, 0, 0, 49, 10, 102
"c:\Users\shiva\Documents\project\Node\isohel-client\backend\env\Lib\site-packages\jinja2\nativetypes.py", "Python", 0, 0, 0, 0, 0, 51, 0, 0, 0, 0, 0, 18, 26, 95
"c:\Users\shiva\Documents\project\Node\isohel-client\backend\env\Lib\site-packages\jinja2\nodes.py", "Python", 0, 0, 0, 0, 0, 519, 0, 0, 0, 0, 0, 275, 295, 1089
"c:\Users\shiva\Documents\project\Node\isohel-client\backend\env\Lib\site-packages\jinja2\optimizer.py", "Python", 0, 0, 0, 0, 0, 20, 0, 0, 0, 0, 0, 14, 8, 42
"c:\Users\shiva\Documents\project\Node\isohel-client\backend\env\Lib\site-packages\jinja2\parser.py", "Python", 0, 0, 0, 0, 0, 772, 0, 0, 0, 0, 0, 82, 86, 940
"c:\Users\shiva\Documents\project\Node\isohel-client\backend\env\Lib\site-packages\jinja2\runtime.py", "Python", 0, 0, 0, 0, 0, 611, 0, 0, 0, 0, 0, 251, 150, 1012
"c:\Users\shiva\Documents\project\Node\isohel-client\backend\env\Lib\site-packages\jinja2\sandbox.py", "Python", 0, 0, 0, 0, 0, 281, 0, 0, 0, 0, 0, 160, 70, 511
"c:\Users\shiva\Documents\project\Node\isohel-client\backend\env\Lib\site-packages\jinja2\tests.py", "Python", 0, 0, 0, 0, 0, 101, 0, 0, 0, 0, 0, 68, 47, 216
"c:\Users\shiva\Documents\project\Node\isohel-client\backend\env\Lib\site-packages\jinja2\utils.py", "Python", 0, 0, 0, 0, 0, 400, 0, 0, 0, 0, 0, 220, 113, 733
"c:\Users\shiva\Documents\project\Node\isohel-client\backend\env\Lib\site-packages\jinja2\visitor.py", "Python", 0, 0, 0, 0, 0, 40, 0, 0, 0, 0, 0, 32, 10, 82
"c:\Users\shiva\Documents\project\Node\isohel-client\backend\env\Lib\site-packages\markupsafe\__init__.py", "Python", 0, 0, 0, 0, 0, 188, 0, 0, 0, 0, 0, 77, 63, 328
"c:\Users\shiva\Documents\project\Node\isohel-client\backend\env\Lib\site-packages\markupsafe\_compat.py", "Python", 0, 0, 0, 0, 0, 18, 0, 0, 0, 0, 0, 8, 8, 34
"c:\Users\shiva\Documents\project\Node\isohel-client\backend\env\Lib\site-packages\markupsafe\_constants.py", "Python", 0, 0, 0, 0, 0, 255, 0, 0, 0, 0, 0, 8, 2, 265
"c:\Users\shiva\Documents\project\Node\isohel-client\backend\env\Lib\site-packages\markupsafe\_native.py", "Python", 0, 0, 0, 0, 0, 21, 0, 0, 0, 0, 0, 42, 7, 70
"c:\Users\shiva\Documents\project\Node\isohel-client\backend\env\Lib\site-packages\pip\__init__.py", "Python", 0, 0, 0, 0, 0, 1, 0, 0, 0, 0, 0, 0, 1, 2
"c:\Users\shiva\Documents\project\Node\isohel-client\backend\env\Lib\site-packages\pip\__main__.py", "Python", 0, 0, 0, 0, 0, 9, 0, 0, 0, 0, 0, 6, 5, 20
"c:\Users\shiva\Documents\project\Node\isohel-client\backend\env\Lib\site-packages\pip\_internal\__init__.py", "Python", 0, 0, 0, 0, 0, 45, 0, 0, 0, 0, 0, 19, 14, 78
"c:\Users\shiva\Documents\project\Node\isohel-client\backend\env\Lib\site-packages\pip\_internal\build_env.py", "Python", 0, 0, 0, 0, 0, 162, 0, 0, 0, 0, 0, 23, 34, 219
"c:\Users\shiva\Documents\project\Node\isohel-client\backend\env\Lib\site-packages\pip\_internal\cache.py", "Python", 0, 0, 0, 0, 0, 111, 0, 0, 0, 0, 0, 70, 44, 225
"c:\Users\shiva\Documents\project\Node\isohel-client\backend\env\Lib\site-packages\pip\_internal\cli\__init__.py", "Python", 0, 0, 0, 0, 0, 0, 0, 0, 0, 0, 0, 3, 2, 5
"c:\Users\shiva\Documents\project\Node\isohel-client\backend\env\Lib\site-packages\pip\_internal\cli\autocompletion.py", "Python", 0, 0, 0, 0, 0, 99, 0, 0, 0, 0, 0, 38, 16, 153
"c:\Users\shiva\Documents\project\Node\isohel-client\backend\env\Lib\site-packages\pip\_internal\cli\base_command.py", "Python", 0, 0, 0, 0, 0, 254, 0, 0, 0, 0, 0, 44, 49, 347
"c:\Users\shiva\Documents\project\Node\isohel-client\backend\env\Lib\site-packages\pip\_internal\cli\cmdoptions.py", "Python", 0, 0, 0, 0, 0, 670, 0, 0, 0, 0, 0, 130, 132, 932
"c:\Users\shiva\Documents\project\Node\isohel-client\backend\env\Lib\site-packages\pip\_internal\cli\main_parser.py", "Python", 0, 0, 0, 0, 0, 53, 0, 0, 0, 0, 0, 20, 26, 99
"c:\Users\shiva\Documents\project\Node\isohel-client\backend\env\Lib\site-packages\pip\_internal\cli\parser.py", "Python", 0, 0, 0, 0, 0, 162, 0, 0, 0, 0, 0, 48, 52, 262
"c:\Users\shiva\Documents\project\Node\isohel-client\backend\env\Lib\site-packages\pip\_internal\cli\status_codes.py", "Python", 0, 0, 0, 0, 0, 7, 0, 0, 0, 0, 0, 0, 2, 9
"c:\Users\shiva\Documents\project\Node\isohel-client\backend\env\Lib\site-packages\pip\_internal\commands\__init__.py", "Python", 0, 0, 0, 0, 0, 58, 0, 0, 0, 0, 0, 6, 18, 82
"c:\Users\shiva\Documents\project\Node\isohel-client\backend\env\Lib\site-packages\pip\_internal\commands\check.py", "Python", 0, 0, 0, 0, 0, 31, 0, 0, 0, 0, 0, 2, 9, 42
"c:\Users\shiva\Documents\project\Node\isohel-client\backend\env\Lib\site-packages\pip\_internal\commands\completion.py", "Python", 0, 0, 0, 0, 0, 54, 0, 0, 0, 0, 0, 29, 12, 95
"c:\Users\shiva\Documents\project\Node\isohel-client\backend\env\Lib\site-packages\pip\_internal\commands\configuration.py", "Python", 0, 0, 0, 0, 0, 185, 0, 0, 0, 0, 0, 33, 41, 259
"c:\Users\shiva\Documents\project\Node\isohel-client\backend\env\Lib\site-packages\pip\_internal\commands\debug.py", "Python", 0, 0, 0, 0, 0, 80, 0, 0, 0, 0, 0, 9, 26, 115
"c:\Users\shiva\Documents\project\Node\isohel-client\backend\env\Lib\site-packages\pip\_internal\commands\download.py", "Python", 0, 0, 0, 0, 0, 123, 0, 0, 0, 0, 0, 19, 27, 169
"c:\Users\shiva\Documents\project\Node\isohel-client\backend\env\Lib\site-packages\pip\_internal\commands\freeze.py", "Python", 0, 0, 0, 0, 0, 83, 0, 0, 0, 0, 0, 6, 13, 102
"c:\Users\shiva\Documents\project\Node\isohel-client\backend\env\Lib\site-packages\pip\_internal\commands\hash.py", "Python", 0, 0, 0, 0, 0, 39, 0, 0, 0, 0, 0, 8, 11, 58
"c:\Users\shiva\Documents\project\Node\isohel-client\backend\env\Lib\site-packages\pip\_internal\commands\help.py", "Python", 0, 0, 0, 0, 0, 24, 0, 0, 0, 0, 0, 3, 11, 38
"c:\Users\shiva\Documents\project\Node\isohel-client\backend\env\Lib\site-packages\pip\_internal\commands\install.py", "Python", 0, 0, 0, 0, 0, 453, 0, 0, 0, 0, 0, 48, 80, 581
"c:\Users\shiva\Documents\project\Node\isohel-client\backend\env\Lib\site-packages\pip\_internal\commands\list.py", "Python", 0, 0, 0, 0, 0, 235, 0, 0, 0, 0, 0, 27, 50, 312
"c:\Users\shiva\Documents\project\Node\isohel-client\backend\env\Lib\site-packages\pip\_internal\commands\search.py", "Python", 0, 0, 0, 0, 0, 105, 0, 0, 0, 0, 0, 11, 24, 140
"c:\Users\shiva\Documents\project\Node\isohel-client\backend\env\Lib\site-packages\pip\_internal\commands\show.py", "Python", 0, 0, 0, 0, 0, 122, 0, 0, 0, 0, 0, 20, 27, 169
"c:\Users\shiva\Documents\project\Node\isohel-client\backend\env\Lib\site-packages\pip\_internal\commands\uninstall.py", "Python", 0, 0, 0, 0, 0, 58, 0, 0, 0, 0, 0, 11, 10, 79
"c:\Users\shiva\Documents\project\Node\isohel-client\backend\env\Lib\site-packages\pip\_internal\commands\wheel.py", "Python", 0, 0, 0, 0, 0, 136, 0, 0, 0, 0, 0, 20, 26, 182
"c:\Users\shiva\Documents\project\Node\isohel-client\backend\env\Lib\site-packages\pip\_internal\configuration.py", "Python", 0, 0, 0, 0, 0, 233, 0, 0, 0, 0, 0, 112, 73, 418
"c:\Users\shiva\Documents\project\Node\isohel-client\backend\env\Lib\site-packages\pip\_internal\distributions\__init__.py", "Python", 0, 0, 0, 0, 0, 12, 0, 0, 0, 0, 0, 5, 7, 24
"c:\Users\shiva\Documents\project\Node\isohel-client\backend\env\Lib\site-packages\pip\_internal\distributions\base.py", "Python", 0, 0, 0, 0, 0, 13, 0, 0, 0, 0, 0, 14, 7, 34
"c:\Users\shiva\Documents\project\Node\isohel-client\backend\env\Lib\site-packages\pip\_internal\distributions\installed.py", "Python", 0, 0, 0, 0, 0, 6, 0, 0, 0, 0, 0, 5, 5, 16
"c:\Users\shiva\Documents\project\Node\isohel-client\backend\env\Lib\site-packages\pip\_internal\distributions\source.py", "Python", 0, 0, 0, 0, 0, 51, 0, 0, 0, 0, 0, 19, 11, 81
"c:\Users\shiva\Documents\project\Node\isohel-client\backend\env\Lib\site-packages\pip\_internal\distributions\wheel.py", "Python", 0, 0, 0, 0, 0, 8, 0, 0, 0, 0, 0, 4, 6, 18
"c:\Users\shiva\Documents\project\Node\isohel-client\backend\env\Lib\site-packages\pip\_internal\download.py", "Python", 0, 0, 0, 0, 0, 705, 0, 0, 0, 0, 0, 287, 186, 1178
"c:\Users\shiva\Documents\project\Node\isohel-client\backend\env\Lib\site-packages\pip\_internal\exceptions.py", "Python", 0, 0, 0, 0, 0, 126, 0, 0, 0, 0, 0, 108, 72, 306
"c:\Users\shiva\Documents\project\Node\isohel-client\backend\env\Lib\site-packages\pip\_internal\index.py", "Python", 0, 0, 0, 0, 0, 888, 0, 0, 0, 0, 0, 443, 178, 1509
"c:\Users\shiva\Documents\project\Node\isohel-client\backend\env\Lib\site-packages\pip\_internal\legacy_resolve.py", "Python", 0, 0, 0, 0, 0, 274, 0, 0, 0, 0, 0, 124, 60, 458
"c:\Users\shiva\Documents\project\Node\isohel-client\backend\env\Lib\site-packages\pip\_internal\locations.py", "Python", 0, 0, 0, 0, 0, 88, 0, 0, 0, 0, 0, 30, 25, 143
"c:\Users\shiva\Documents\project\Node\isohel-client\backend\env\Lib\site-packages\pip\_internal\models\__init__.py", "Python", 0, 0, 0, 0, 0, 0, 0, 0, 0, 0, 0, 2, 1, 3
"c:\Users\shiva\Documents\project\Node\isohel-client\backend\env\Lib\site-packages\pip\_internal\models\candidate.py", "Python", 0, 0, 0, 0, 0, 24, 0, 0, 0, 0, 0, 4, 9, 37
"c:\Users\shiva\Documents\project\Node\isohel-client\backend\env\Lib\site-packages\pip\_internal\models\format_control.py", "Python", 0, 0, 0, 0, 0, 54, 0, 0, 0, 0, 0, 7, 13, 74
"c:\Users\shiva\Documents\project\Node\isohel-client\backend\env\Lib\site-packages\pip\_internal\models\index.py", "Python", 0, 0, 0, 0, 0, 17, 0, 0, 0, 0, 0, 7, 8, 32
"c:\Users\shiva\Documents\project\Node\isohel-client\backend\env\Lib\site-packages\pip\_internal\models\link.py", "Python", 0, 0, 0, 0, 0, 125, 0, 0, 0, 0, 0, 51, 38, 214
"c:\Users\shiva\Documents\project\Node\isohel-client\backend\env\Lib\site-packages\pip\_internal\models\search_scope.py", "Python", 0, 0, 0, 0, 0, 70, 0, 0, 0, 0, 0, 27, 17, 114
"c:\Users\shiva\Documents\project\Node\isohel-client\backend\env\Lib\site-packages\pip\_internal\models\selection_prefs.py", "Python", 0, 0, 0, 0, 0, 20, 0, 0, 0, 0, 0, 21, 7, 48
"c:\Users\shiva\Documents\project\Node\isohel-client\backend\env\Lib\site-packages\pip\_internal\models\target_python.py", "Python", 0, 0, 0, 0, 0, 58, 0, 0, 0, 0, 0, 33, 16, 107
"c:\Users\shiva\Documents\project\Node\isohel-client\backend\env\Lib\site-packages\pip\_internal\operations\__init__.py", "Python", 0, 0, 0, 0, 0, 0, 0, 0, 0, 0, 0, 0, 1, 1
"c:\Users\shiva\Documents\project\Node\isohel-client\backend\env\Lib\site-packages\pip\_internal\operations\check.py", "Python", 0, 0, 0, 0, 0, 92, 0, 0, 0, 0, 0, 30, 38, 160
"c:\Users\shiva\Documents\project\Node\isohel-client\backend\env\Lib\site-packages\pip\_internal\operations\freeze.py", "Python", 0, 0, 0, 0, 0, 200, 0, 0, 0, 0, 0, 22, 32, 254
"c:\Users\shiva\Documents\project\Node\isohel-client\backend\env\Lib\site-packages\pip\_internal\operations\prepare.py", "Python", 0, 0, 0, 0, 0, 185, 0, 0, 0, 0, 0, 72, 31, 288
"c:\Users\shiva\Documents\project\Node\isohel-client\backend\env\Lib\site-packages\pip\_internal\pep425tags.py", "Python", 0, 0, 0, 0, 0, 220, 0, 0, 0, 0, 0, 98, 67, 385
"c:\Users\shiva\Documents\project\Node\isohel-client\backend\env\Lib\site-packages\pip\_internal\pyproject.py", "Python", 0, 0, 0, 0, 0, 84, 0, 0, 0, 0, 0, 62, 26, 172
"c:\Users\shiva\Documents\project\Node\isohel-client\backend\env\Lib\site-packages\pip\_internal\req\__init__.py", "Python", 0, 0, 0, 0, 0, 61, 0, 0, 0, 0, 0, 7, 11, 79
"c:\Users\shiva\Documents\project\Node\isohel-client\backend\env\Lib\site-packages\pip\_internal\req\constructors.py", "Python", 0, 0, 0, 0, 0, 262, 0, 0, 0, 0, 0, 47, 41, 350
"c:\Users\shiva\Documents\project\Node\isohel-client\backend\env\Lib\site-packages\pip\_internal\req\req_file.py", "Python", 0, 0, 0, 0, 0, 239, 0, 0, 0, 0, 0, 112, 49, 400
"c:\Users\shiva\Documents\project\Node\isohel-client\backend\env\Lib\site-packages\pip\_internal\req\req_install.py", "Python", 0, 0, 0, 0, 0, 725, 0, 0, 0, 0, 0, 214, 97, 1036
"c:\Users\shiva\Documents\project\Node\isohel-client\backend\env\Lib\site-packages\pip\_internal\req\req_set.py", "Python", 0, 0, 0, 0, 0, 124, 0, 0, 0, 0, 0, 44, 26, 194
"c:\Users\shiva\Documents\project\Node\isohel-client\backend\env\Lib\site-packages\pip\_internal\req\req_tracker.py", "Python", 0, 0, 0, 0, 0, 73, 0, 0, 0, 0, 0, 9, 15, 97
"c:\Users\shiva\Documents\project\Node\isohel-client\backend\env\Lib\site-packages\pip\_internal\req\req_uninstall.py", "Python", 0, 0, 0, 0, 0, 414, 0, 0, 0, 0, 0, 132, 88, 634
"c:\Users\shiva\Documents\project\Node\isohel-client\backend\env\Lib\site-packages\pip\_internal\utils\__init__.py", "Python", 0, 0, 0, 0, 0, 0, 0, 0, 0, 0, 0, 0, 1, 1
"c:\Users\shiva\Documents\project\Node\isohel-client\backend\env\Lib\site-packages\pip\_internal\utils\appdirs.py", "Python", 0, 0, 0, 0, 0, 116, 0, 0, 0, 0, 0, 117, 36, 269
"c:\Users\shiva\Documents\project\Node\isohel-client\backend\env\Lib\site-packages\pip\_internal\utils\compat.py", "Python", 0, 0, 0, 0, 0, 158, 0, 0, 0, 0, 0, 91, 45, 294
"c:\Users\shiva\Documents\project\Node\isohel-client\backend\env\Lib\site-packages\pip\_internal\utils\deprecation.py", "Python", 0, 0, 0, 0, 0, 47, 0, 0, 0, 0, 0, 32, 22, 101
"c:\Users\shiva\Documents\project\Node\isohel-client\backend\env\Lib\site-packages\pip\_internal\utils\encoding.py", "Python", 0, 0, 0, 0, 0, 28, 0, 0, 0, 0, 0, 5, 7, 40
"c:\Users\shiva\Documents\project\Node\isohel-client\backend\env\Lib\site-packages\pip\_internal\utils\filesystem.py", "Python", 0, 0, 0, 0, 0, 20, 0, 0, 0, 0, 0, 6, 5, 31
"c:\Users\shiva\Documents\project\Node\isohel-client\backend\env\Lib\site-packages\pip\_internal\utils\glibc.py", "Python", 0, 0, 0, 0, 0, 52, 0, 0, 0, 0, 0, 49, 20, 121
"c:\Users\shiva\Documents\project\Node\isohel-client\backend\env\Lib\site-packages\pip\_internal\utils\hashes.py", "Python", 0, 0, 0, 0, 0, 61, 0, 0, 0, 0, 0, 44, 24, 129
"c:\Users\shiva\Documents\project\Node\isohel-client\backend\env\Lib\site-packages\pip\_internal\utils\logging.py", "Python", 0, 0, 0, 0, 0, 240, 0, 0, 0, 0, 0, 91, 64, 395
"c:\Users\shiva\Documents\project\Node\isohel-client\backend\env\Lib\site-packages\pip\_internal\utils\marker_files.py", "Python", 0, 0, 0, 0, 0, 12, 0, 0, 0, 0, 0, 4, 5, 21
"c:\Users\shiva\Documents\project\Node\isohel-client\backend\env\Lib\site-packages\pip\_internal\utils\misc.py", "Python", 0, 0, 0, 0, 0, 695, 0, 0, 0, 0, 0, 343, 164, 1202
"c:\Users\shiva\Documents\project\Node\isohel-client\backend\env\Lib\site-packages\pip\_internal\utils\models.py", "Python", 0, 0, 0, 0, 0, 23, 0, 0, 0, 0, 0, 4, 14, 41
"c:\Users\shiva\Documents\project\Node\isohel-client\backend\env\Lib\site-packages\pip\_internal\utils\outdated.py", "Python", 0, 0, 0, 0, 0, 114, 0, 0, 0, 0, 0, 32, 33, 179
"c:\Users\shiva\Documents\project\Node\isohel-client\backend\env\Lib\site-packages\pip\_internal\utils\packaging.py", "Python", 0, 0, 0, 0, 0, 47, 0, 0, 0, 0, 0, 28, 20, 95
"c:\Users\shiva\Documents\project\Node\isohel-client\backend\env\Lib\site-packages\pip\_internal\utils\setuptools_build.py", "Python", 0, 0, 0, 0, 0, 17, 0, 0, 0, 0, 0, 14, 6, 37
"c:\Users\shiva\Documents\project\Node\isohel-client\backend\env\Lib\site-packages\pip\_internal\utils\temp_dir.py", "Python", 0, 0, 0, 0, 0, 74, 0, 0, 0, 0, 0, 61, 21, 156
"c:\Users\shiva\Documents\project\Node\isohel-client\backend\env\Lib\site-packages\pip\_internal\utils\typing.py", "Python", 0, 0, 0, 0, 0, 1, 0, 0, 0, 0, 0, 27, 2, 30
"c:\Users\shiva\Documents\project\Node\isohel-client\backend\env\Lib\site-packages\pip\_internal\utils\ui.py", "Python", 0, 0, 0, 0, 0, 238, 0, 0, 0, 0, 0, 100, 87, 425
"c:\Users\shiva\Documents\project\Node\isohel-client\backend\env\Lib\site-packages\pip\_internal\utils\virtualenv.py", "Python", 0, 0, 0, 0, 0, 16, 0, 0, 0, 0, 0, 13, 6, 35
"c:\Users\shiva\Documents\project\Node\isohel-client\backend\env\Lib\site-packages\pip\_internal\vcs\__init__.py", "Python", 0, 0, 0, 0, 0, 7, 0, 0, 0, 0, 0, 5, 1, 13
"c:\Users\shiva\Documents\project\Node\isohel-client\backend\env\Lib\site-packages\pip\_internal\vcs\bazaar.py", "Python", 0, 0, 0, 0, 0, 74, 0, 0, 0, 0, 0, 8, 20, 102
"c:\Users\shiva\Documents\project\Node\isohel-client\backend\env\Lib\site-packages\pip\_internal\vcs\git.py", "Python", 0, 0, 0, 0, 0, 232, 0, 0, 0, 0, 0, 75, 52, 359
"c:\Users\shiva\Documents\project\Node\isohel-client\backend\env\Lib\site-packages\pip\_internal\vcs\mercurial.py", "Python", 0, 0, 0, 0, 0, 76, 0, 0, 0, 0, 0, 9, 19, 104
"c:\Users\shiva\Documents\project\Node\isohel-client\backend\env\Lib\site-packages\pip\_internal\vcs\subversion.py", "Python", 0, 0, 0, 0, 0, 185, 0, 0, 0, 0, 0, 84, 46, 315
"c:\Users\shiva\Documents\project\Node\isohel-client\backend\env\Lib\site-packages\pip\_internal\vcs\versioncontrol.py", "Python", 0, 0, 0, 0, 0, 308, 0, 0, 0, 0, 0, 214, 79, 601
"c:\Users\shiva\Documents\project\Node\isohel-client\backend\env\Lib\site-packages\pip\_internal\wheel.py", "Python", 0, 0, 0, 0, 0, 703, 0, 0, 0, 0, 0, 288, 135, 1126
"c:\Users\shiva\Documents\project\Node\isohel-client\backend\env\Lib\site-packages\pip\_vendor\__init__.py", "Python", 0, 0, 0, 0, 0, 67, 0, 0, 0, 0, 0, 33, 10, 110
"c:\Users\shiva\Documents\project\Node\isohel-client\backend\env\Lib\site-packages\pip\_vendor\appdirs.py", "Python", 0, 0, 0, 0, 0, 302, 0, 0, 0, 0, 0, 240, 63, 605
"c:\Users\shiva\Documents\project\Node\isohel-client\backend\env\Lib\site-packages\pip\_vendor\cachecontrol\__init__.py", "Python", 0, 0, 0, 0, 0, 6, 0, 0, 0, 0, 0, 4, 2, 12
"c:\Users\shiva\Documents\project\Node\isohel-client\backend\env\Lib\site-packages\pip\_vendor\cachecontrol\_cmd.py", "Python", 0, 0, 0, 0, 0, 35, 0, 0, 0, 0, 0, 4, 19, 58
"c:\Users\shiva\Documents\project\Node\isohel-client\backend\env\Lib\site-packages\pip\_vendor\cachecontrol\adapter.py", "Python", 0, 0, 0, 0, 0, 83, 0, 0, 0, 0, 0, 27, 24, 134
"c:\Users\shiva\Documents\project\Node\isohel-client\backend\env\Lib\site-packages\pip\_vendor\cachecontrol\cache.py", "Python", 0, 0, 0, 0, 0, 23, 0, 0, 0, 0, 0, 4, 13, 40
"c:\Users\shiva\Documents\project\Node\isohel-client\backend\env\Lib\site-packages\pip\_vendor\cachecontrol\caches\__init__.py", "Python", 0, 0, 0, 0, 0, 2, 0, 0, 0, 0, 0, 0, 1, 3
"c:\Users\shiva\Documents\project\Node\isohel-client\backend\env\Lib\site-packages\pip\_vendor\cachecontrol\caches\file_cache.py", "Python", 0, 0, 0, 0, 0, 88, 0, 0, 0, 0, 0, 30, 29, 147
"c:\Users\shiva\Documents\project\Node\isohel-client\backend\env\Lib\site-packages\pip\_vendor\cachecontrol\caches\redis_cache.py", "Python", 0, 0, 0, 0, 0, 21, 0, 0, 0, 0, 0, 3, 10, 34
"c:\Users\shiva\Documents\project\Node\isohel-client\backend\env\Lib\site-packages\pip\_vendor\cachecontrol\compat.py", "Python", 0, 0, 0, 0, 0, 20, 0, 0, 0, 0, 0, 3, 7, 30
"c:\Users\shiva\Documents\project\Node\isohel-client\backend\env\Lib\site-packages\pip\_vendor\cachecontrol\controller.py", "Python", 0, 0, 0, 0, 0, 223, 0, 0, 0, 0, 0, 80, 65, 368
"c:\Users\shiva\Documents\project\Node\isohel-client\backend\env\Lib\site-packages\pip\_vendor\cachecontrol\filewrapper.py", "Python", 0, 0, 0, 0, 0, 37, 0, 0, 0, 0, 0, 27, 17, 81
"c:\Users\shiva\Documents\project\Node\isohel-client\backend\env\Lib\site-packages\pip\_vendor\cachecontrol\heuristics.py", "Python", 0, 0, 0, 0, 0, 69, 0, 0, 0, 0, 0, 32, 35, 136
"c:\Users\shiva\Documents\project\Node\isohel-client\backend\env\Lib\site-packages\pip\_vendor\cachecontrol\serialize.py", "Python", 0, 0, 0, 0, 0, 103, 0, 0, 0, 0, 0, 47, 37, 187
"c:\Users\shiva\Documents\project\Node\isohel-client\backend\env\Lib\site-packages\pip\_vendor\cachecontrol\wrapper.py", "Python", 0, 0, 0, 0, 0, 25, 0, 0, 0, 0, 0, 0, 5, 30
"c:\Users\shiva\Documents\project\Node\isohel-client\backend\env\Lib\site-packages\pip\_vendor\certifi\__init__.py", "Python", 0, 0, 0, 0, 0, 2, 0, 0, 0, 0, 0, 0, 2, 4
"c:\Users\shiva\Documents\project\Node\isohel-client\backend\env\Lib\site-packages\pip\_vendor\certifi\__main__.py", "Python", 0, 0, 0, 0, 0, 2, 0, 0, 0, 0, 0, 0, 1, 3
"c:\Users\shiva\Documents\project\Node\isohel-client\backend\env\Lib\site-packages\pip\_vendor\certifi\core.py", "Python", 0, 0, 0, 0, 0, 4, 0, 0, 0, 0, 0, 7, 5, 16
"c:\Users\shiva\Documents\project\Node\isohel-client\backend\env\Lib\site-packages\pip\_vendor\chardet\__init__.py", "Python", 0, 0, 0, 0, 0, 13, 0, 0, 0, 0, 0, 22, 5, 40
"c:\Users\shiva\Documents\project\Node\isohel-client\backend\env\Lib\site-packages\pip\_vendor\chardet\big5freq.py", "Python", 0, 0, 0, 0, 0, 340, 0, 0, 0, 0, 0, 41, 6, 387
"c:\Users\shiva\Documents\project\Node\isohel-client\backend\env\Lib\site-packages\pip\_vendor\chardet\big5prober.py", "Python", 0, 0, 0, 0, 0, 16, 0, 0, 0, 0, 0, 26, 6, 48
"c:\Users\shiva\Documents\project\Node\isohel-client\backend\env\Lib\site-packages\pip\_vendor\chardet\chardistribution.py", "Python", 0, 0, 0, 0, 0, 131, 0, 0, 0, 0, 0, 73, 30, 234
"c:\Users\shiva\Documents\project\Node\isohel-client\backend\env\Lib\site-packages\pip\_vendor\chardet\charsetgroupprober.py", "Python", 0, 0, 0, 0, 0, 72, 0, 0, 0, 0, 0, 26, 9, 107
"c:\Users\shiva\Documents\project\Node\isohel-client\backend\env\Lib\site-packages\pip\_vendor\chardet\charsetprober.py", "Python", 0, 0, 0, 0, 0, 56, 0, 0, 0, 0, 0, 67, 23, 146
"c:\Users\shiva\Documents\project\Node\isohel-client\backend\env\Lib\site-packages\pip\_vendor\chardet\cli\__init__.py", "Python", 0, 0, 0, 0, 0, 0, 0, 0, 0, 0, 0, 0, 2, 2
"c:\Users\shiva\Documents\project\Node\isohel-client\backend\env\Lib\site-packages\pip\_vendor\chardet\cli\chardetect.py", "Python", 0, 0, 0, 0, 0, 43, 0, 0, 0, 0, 0, 32, 11, 86
"c:\Users\shiva\Documents\project\Node\isohel-client\backend\env\Lib\site-packages\pip\_vendor\chardet\codingstatemachine.py", "Python", 0, 0, 0, 0, 0, 29, 0, 0, 0, 0, 0, 50, 10, 89
"c:\Users\shiva\Documents\project\Node\isohel-client\backend\env\Lib\site-packages\pip\_vendor\chardet\compat.py", "Python", 0, 0, 0, 0, 0, 11, 0, 0, 0, 0, 0, 20, 4, 35
"c:\Users\shiva\Documents\project\Node\isohel-client\backend\env\Lib\site-packages\pip\_vendor\chardet\cp949prober.py", "Python", 0, 0, 0, 0, 0, 16, 0, 0, 0, 0, 0, 28, 6, 50
"c:\Users\shiva\Documents\project\Node\isohel-client\backend\env\Lib\site-packages\pip\_vendor\chardet\enums.py", "Python", 0, 0, 0, 0, 0, 35, 0, 0, 0, 0, 0, 28, 14, 77
"c:\Users\shiva\Documents\project\Node\isohel-client\backend\env\Lib\site-packages\pip\_vendor\chardet\escprober.py", "Python", 0, 0, 0, 0, 0, 60, 0, 0, 0, 0, 0, 31, 11, 102
"c:\Users\shiva\Documents\project\Node\isohel-client\backend\env\Lib\site-packages\pip\_vendor\chardet\escsm.py", "Python", 0, 0, 0, 0, 0, 201, 0, 0, 0, 0, 0, 26, 20, 247
"c:\Users\shiva\Documents\project\Node\isohel-client\backend\env\Lib\site-packages\pip\_vendor\chardet\eucjpprober.py", "Python", 0, 0, 0, 0, 0, 54, 0, 0, 0, 0, 0, 27, 12, 93
"c:\Users\shiva\Documents\project\Node\isohel-client\backend\env\Lib\site-packages\pip\_vendor\chardet\euckrfreq.py", "Python", 0, 0, 0, 0, 0, 151, 0, 0, 0, 0, 0, 38, 7, 196
"c:\Users\shiva\Documents\project\Node\isohel-client\backend\env\Lib\site-packages\pip\_vendor\chardet\euckrprober.py", "Python", 0, 0, 0, 0, 0, 16, 0, 0, 0, 0, 0, 26, 6, 48
"c:\Users\shiva\Documents\project\Node\isohel-client\backend\env\Lib\site-packages\pip\_vendor\chardet\euctwfreq.py", "Python", 0, 0, 0, 0, 0, 340, 0, 0, 0, 0, 0, 41, 7, 388
"c:\Users\shiva\Documents\project\Node\isohel-client\backend\env\Lib\site-packages\pip\_vendor\chardet\euctwprober.py", "Python", 0, 0, 0, 0, 0, 16, 0, 0, 0, 0, 0, 26, 5, 47
"c:\Users\shiva\Documents\project\Node\isohel-client\backend\env\Lib\site-packages\pip\_vendor\chardet\gb2312freq.py", "Python", 0, 0, 0, 0, 0, 239, 0, 0, 0, 0, 0, 38, 7, 284
"c:\Users\shiva\Documents\project\Node\isohel-client\backend\env\Lib\site-packages\pip\_vendor\chardet\gb2312prober.py", "Python", 0, 0, 0, 0, 0, 16, 0, 0, 0, 0, 0, 26, 5, 47
"c:\Users\shiva\Documents\project\Node\isohel-client\backend\env\Lib\site-packages\pip\_vendor\chardet\hebrewprober.py", "Python", 0, 0, 0, 0, 0, 83, 0, 0, 0, 0, 0, 186, 24, 293
"c:\Users\shiva\Documents\project\Node\isohel-client\backend\env\Lib\site-packages\pip\_vendor\chardet\jisfreq.py", "Python", 0, 0, 0, 0, 0, 277, 0, 0, 0, 0, 0, 41, 8, 326
"c:\Users\shiva\Documents\project\Node\isohel-client\backend\env\Lib\site-packages\pip\_vendor\chardet\jpcntx.py", "Python", 0, 0, 0, 0, 0, 169, 0, 0, 0, 0, 0, 44, 21, 234
"c:\Users\shiva\Documents\project\Node\isohel-client\backend\env\Lib\site-packages\pip\_vendor\chardet\langbulgarianmodel.py", "Python", 0, 0, 0, 0, 0, 182, 0, 0, 0, 0, 0, 39, 8, 229
"c:\Users\shiva\Documents\project\Node\isohel-client\backend\env\Lib\site-packages\pip\_vendor\chardet\langcyrillicmodel.py", "Python", 0, 0, 0, 0, 0, 286, 0, 0, 0, 0, 0, 34, 14, 334
"c:\Users\shiva\Documents\project\Node\isohel-client\backend\env\Lib\site-packages\pip\_vendor\chardet\langgreekmodel.py", "Python", 0, 0, 0, 0, 0, 182, 0, 0, 0, 0, 0, 37, 7, 226
"c:\Users\shiva\Documents\project\Node\isohel-client\backend\env\Lib\site-packages\pip\_vendor\chardet\langhebrewmodel.py", "Python", 0, 0, 0, 0, 0, 156, 0, 0, 0, 0, 0, 40, 5, 201
"c:\Users\shiva\Documents\project\Node\isohel-client\backend\env\Lib\site-packages\pip\_vendor\chardet\langhungarianmodel.py", "Python", 0, 0, 0, 0, 0, 182, 0, 0, 0, 0, 0, 37, 7, 226
"c:\Users\shiva\Documents\project\Node\isohel-client\backend\env\Lib\site-packages\pip\_vendor\chardet\langthaimodel.py", "Python", 0, 0, 0, 0, 0, 156, 0, 0, 0, 0, 0, 38, 6, 200
"c:\Users\shiva\Documents\project\Node\isohel-client\backend\env\Lib\site-packages\pip\_vendor\chardet\langturkishmodel.py", "Python", 0, 0, 0, 0, 0, 156, 0, 0, 0, 0, 0, 33, 5, 194
"c:\Users\shiva\Documents\project\Node\isohel-client\backend\env\Lib\site-packages\pip\_vendor\chardet\latin1prober.py", "Python", 0, 0, 0, 0, 0, 97, 0, 0, 0, 0, 0, 34, 15, 146
"c:\Users\shiva\Documents\project\Node\isohel-client\backend\env\Lib\site-packages\pip\_vendor\chardet\mbcharsetprober.py", "Python", 0, 0, 0, 0, 0, 48, 0, 0, 0, 0, 0, 31, 13, 92
"c:\Users\shiva\Documents\project\Node\isohel-client\backend\env\Lib\site-packages\pip\_vendor\chardet\mbcsgroupprober.py", "Python", 0, 0, 0, 0, 0, 23, 0, 0, 0, 0, 0, 28, 4, 55
"c:\Users\shiva\Documents\project\Node\isohel-client\backend\env\Lib\site-packages\pip\_vendor\chardet\mbcssm.py", "Python", 0, 0, 0, 0, 0, 476, 0, 0, 0, 0, 0, 44, 53, 573
"c:\Users\shiva\Documents\project\Node\isohel-client\backend\env\Lib\site-packages\pip\_vendor\chardet\sbcharsetprober.py", "Python", 0, 0, 0, 0, 0, 83, 0, 0, 0, 0, 0, 38, 12, 133
"c:\Users\shiva\Documents\project\Node\isohel-client\backend\env\Lib\site-packages\pip\_vendor\chardet\sbcsgroupprober.py", "Python", 0, 0, 0, 0, 0, 37, 0, 0, 0, 0, 0, 32, 5, 74
"c:\Users\shiva\Documents\project\Node\isohel-client\backend\env\Lib\site-packages\pip\_vendor\chardet\sjisprober.py", "Python", 0, 0, 0, 0, 0, 55, 0, 0, 0, 0, 0, 26, 12, 93
"c:\Users\shiva\Documents\project\Node\isohel-client\backend\env\Lib\site-packages\pip\_vendor\chardet\universaldetector.py", "Python", 0, 0, 0, 0, 0, 161, 0, 0, 0, 0, 0, 104, 22, 287
"c:\Users\shiva\Documents\project\Node\isohel-client\backend\env\Lib\site-packages\pip\_vendor\chardet\utf8prober.py", "Python", 0, 0, 0, 0, 0, 44, 0, 0, 0, 0, 0, 26, 13, 83
"c:\Users\shiva\Documents\project\Node\isohel-client\backend\env\Lib\site-packages\pip\_vendor\chardet\version.py", "Python", 0, 0, 0, 0, 0, 2, 0, 0, 0, 0, 0, 6, 2, 10
"c:\Users\shiva\Documents\project\Node\isohel-client\backend\env\Lib\site-packages\pip\_vendor\colorama\__init__.py", "Python", 0, 0, 0, 0, 0, 4, 0, 0, 0, 0, 0, 1, 2, 7
"c:\Users\shiva\Documents\project\Node\isohel-client\backend\env\Lib\site-packages\pip\_vendor\colorama\ansi.py", "Python", 0, 0, 0, 0, 0, 77, 0, 0, 0, 0, 0, 6, 20, 103
"c:\Users\shiva\Documents\project\Node\isohel-client\backend\env\Lib\site-packages\pip\_vendor\colorama\ansitowin32.py", "Python", 0, 0, 0, 0, 0, 195, 0, 0, 0, 0, 0, 23, 40, 258
"c:\Users\shiva\Documents\project\Node\isohel-client\backend\env\Lib\site-packages\pip\_vendor\colorama\initialise.py", "Python", 0, 0, 0, 0, 0, 57, 0, 0, 0, 0, 0, 1, 23, 81
"c:\Users\shiva\Documents\project\Node\isohel-client\backend\env\Lib\site-packages\pip\_vendor\colorama\win32.py", "Python", 0, 0, 0, 0, 0, 122, 0, 0, 0, 0, 0, 11, 20, 153
"c:\Users\shiva\Documents\project\Node\isohel-client\backend\env\Lib\site-packages\pip\_vendor\colorama\winterm.py", "Python", 0, 0, 0, 0, 0, 123, 0, 0, 0, 0, 0, 28, 19, 170
"c:\Users\shiva\Documents\project\Node\isohel-client\backend\env\Lib\site-packages\pip\_vendor\distlib\__init__.py", "Python", 0, 0, 0, 0, 0, 13, 0, 0, 0, 0, 0, 6, 5, 24
"c:\Users\shiva\Documents\project\Node\isohel-client\backend\env\Lib\site-packages\pip\_vendor\distlib\_backport\__init__.py", "Python", 0, 0, 0, 0, 0, 0, 0, 0, 0, 0, 0, 6, 1, 7
"c:\Users\shiva\Documents\project\Node\isohel-client\backend\env\Lib\site-packages\pip\_vendor\distlib\_backport\misc.py", "Python", 0, 0, 0, 0, 0, 26, 0, 0, 0, 0, 0, 6, 10, 42
"c:\Users\shiva\Documents\project\Node\isohel-client\backend\env\Lib\site-packages\pip\_vendor\distlib\_backport\shutil.py", "Python", 0, 0, 0, 0, 0, 459, 0, 0, 0, 0, 0, 214, 89, 762
"c:\Users\shiva\Documents\project\Node\isohel-client\backend\env\Lib\site-packages\pip\_vendor\distlib\_backport\sysconfig.cfg", "Properties", 72, 0, 0, 0, 0, 0, 0, 0, 0, 0, 0, 4, 9, 85
"c:\Users\shiva\Documents\project\Node\isohel-client\backend\env\Lib\site-packages\pip\_vendor\distlib\_backport\sysconfig.py", "Python", 0, 0, 0, 0, 0, 485, 0, 0, 0, 0, 0, 186, 118, 789
"c:\Users\shiva\Documents\project\Node\isohel-client\backend\env\Lib\site-packages\pip\_vendor\distlib\_backport\tarfile.py", "Python", 0, 0, 0, 0, 0, 1653, 0, 0, 0, 0, 0, 616, 339, 2608
"c:\Users\shiva\Documents\project\Node\isohel-client\backend\env\Lib\site-packages\pip\_vendor\distlib\compat.py", "Python", 0, 0, 0, 0, 0, 813, 0, 0, 0, 0, 0, 152, 156, 1121
"c:\Users\shiva\Documents\project\Node\isohel-client\backend\env\Lib\site-packages\pip\_vendor\distlib\database.py", "Python", 0, 0, 0, 0, 0, 766, 0, 0, 0, 0, 0, 424, 150, 1340
"c:\Users\shiva\Documents\project\Node\isohel-client\backend\env\Lib\site-packages\pip\_vendor\distlib\index.py", "Python", 0, 0, 0, 0, 0, 290, 0, 0, 0, 0, 0, 197, 30, 517
"c:\Users\shiva\Documents\project\Node\isohel-client\backend\env\Lib\site-packages\pip\_vendor\distlib\locators.py", "Python", 0, 0, 0, 0, 0, 821, 0, 0, 0, 0, 0, 383, 92, 1296
"c:\Users\shiva\Documents\project\Node\isohel-client\backend\env\Lib\site-packages\pip\_vendor\distlib\manifest.py", "Python", 0, 0, 0, 0, 0, 199, 0, 0, 0, 0, 0, 143, 52, 394
"c:\Users\shiva\Documents\project\Node\isohel-client\backend\env\Lib\site-packages\pip\_vendor\distlib\markers.py", "Python", 0, 0, 0, 0, 0, 89, 0, 0, 0, 0, 0, 27, 16, 132
"c:\Users\shiva\Documents\project\Node\isohel-client\backend\env\Lib\site-packages\pip\_vendor\distlib\metadata.py", "Python", 0, 0, 0, 0, 0, 832, 0, 0, 0, 0, 0, 119, 146, 1097
"c:\Users\shiva\Documents\project\Node\isohel-client\backend\env\Lib\site-packages\pip\_vendor\distlib\resources.py", "Python", 0, 0, 0, 0, 0, 243, 0, 0, 0, 0, 0, 55, 58, 356
"c:\Users\shiva\Documents\project\Node\isohel-client\backend\env\Lib\site-packages\pip\_vendor\distlib\scripts.py", "Python", 0, 0, 0, 0, 0, 296, 0, 0, 0, 0, 0, 71, 37, 404
"c:\Users\shiva\Documents\project\Node\isohel-client\backend\env\Lib\site-packages\pip\_vendor\distlib\util.py", "Python", 0, 0, 0, 0, 0, 1291, 0, 0, 0, 0, 0, 269, 201, 1761
"c:\Users\shiva\Documents\project\Node\isohel-client\backend\env\Lib\site-packages\pip\_vendor\distlib\version.py", "Python", 0, 0, 0, 0, 0, 477, 0, 0, 0, 0, 0, 137, 123, 737
"c:\Users\shiva\Documents\project\Node\isohel-client\backend\env\Lib\site-packages\pip\_vendor\distlib\wheel.py", "Python", 0, 0, 0, 0, 0, 791, 0, 0, 0, 0, 0, 114, 100, 1005
"c:\Users\shiva\Documents\project\Node\isohel-client\backend\env\Lib\site-packages\pip\_vendor\distro.py", "Python", 0, 0, 0, 0, 0, 385, 0, 0, 0, 0, 0, 730, 102, 1217
"c:\Users\shiva\Documents\project\Node\isohel-client\backend\env\Lib\site-packages\pip\_vendor\html5lib\__init__.py", "Python", 0, 0, 0, 0, 0, 8, 0, 0, 0, 0, 0, 23, 5, 36
"c:\Users\shiva\Documents\project\Node\isohel-client\backend\env\Lib\site-packages\pip\_vendor\html5lib\_ihatexml.py", "Python", 0, 0, 0, 0, 0, 162, 0, 0, 0, 0, 0, 79, 48, 289
"c:\Users\shiva\Documents\project\Node\isohel-client\backend\env\Lib\site-packages\pip\_vendor\html5lib\_inputstream.py", "Python", 0, 0, 0, 0, 0, 612, 0, 0, 0, 0, 0, 182, 130, 924
"c:\Users\shiva\Documents\project\Node\isohel-client\backend\env\Lib\site-packages\pip\_vendor\html5lib\_tokenizer.py", "Python", 0, 0, 0, 0, 0, 1516, 0, 0, 0, 0, 0, 100, 106, 1722
"c:\Users\shiva\Documents\project\Node\isohel-client\backend\env\Lib\site-packages\pip\_vendor\html5lib\_trie\__init__.py", "Python", 0, 0, 0, 0, 0, 9, 0, 0, 0, 0, 0, 2, 4, 15
"c:\Users\shiva\Documents\project\Node\isohel-client\backend\env\Lib\site-packages\pip\_vendor\html5lib\_trie\_base.py", "Python", 0, 0, 0, 0, 0, 26, 0, 0, 0, 0, 0, 2, 13, 41
"c:\Users\shiva\Documents\project\Node\isohel-client\backend\env\Lib\site-packages\pip\_vendor\html5lib\_trie\datrie.py", "Python", 0, 0, 0, 0, 0, 31, 0, 0, 0, 0, 0, 0, 14, 45
"c:\Users\shiva\Documents\project\Node\isohel-client\backend\env\Lib\site-packages\pip\_vendor\html5lib\_trie\py.py", "Python", 0, 0, 0, 0, 0, 48, 0, 0, 0, 0, 0, 0, 20, 68
"c:\Users\shiva\Documents\project\Node\isohel-client\backend\env\Lib\site-packages\pip\_vendor\html5lib\_utils.py", "Python", 0, 0, 0, 0, 0, 72, 0, 0, 0, 0, 0, 25, 28, 125
"c:\Users\shiva\Documents\project\Node\isohel-client\backend\env\Lib\site-packages\pip\_vendor\html5lib\constants.py", "Python", 0, 0, 0, 0, 0, 2907, 0, 0, 0, 0, 0, 6, 35, 2948
"c:\Users\shiva\Documents\project\Node\isohel-client\backend\env\Lib\site-packages\pip\_vendor\html5lib\filters\__init__.py", "Python", 0, 0, 0, 0, 0, 0, 0, 0, 0, 0, 0, 0, 1, 1
"c:\Users\shiva\Documents\project\Node\isohel-client\backend\env\Lib\site-packages\pip\_vendor\html5lib\filters\alphabeticalattributes.py", "Python", 0, 0, 0, 0, 0, 15, 0, 0, 0, 0, 0, 8, 7, 30
"c:\Users\shiva\Documents\project\Node\isohel-client\backend\env\Lib\site-packages\pip\_vendor\html5lib\filters\base.py", "Python", 0, 0, 0, 0, 0, 8, 0, 0, 0, 0, 0, 0, 5, 13
"c:\Users\shiva\Documents\project\Node\isohel-client\backend\env\Lib\site-packages\pip\_vendor\html5lib\filters\inject_meta_charset.py", "Python", 0, 0, 0, 0, 0, 53, 0, 0, 0, 0, 0, 11, 10, 74
"c:\Users\shiva\Documents\project\Node\isohel-client\backend\env\Lib\site-packages\pip\_vendor\html5lib\filters\lint.py", "Python", 0, 0, 0, 0, 0, 67, 0, 0, 0, 0, 0, 12, 15, 94
"c:\Users\shiva\Documents\project\Node\isohel-client\backend\env\Lib\site-packages\pip\_vendor\html5lib\filters\optionaltags.py", "Python", 0, 0, 0, 0, 0, 115, 0, 0, 0, 0, 0, 86, 7, 208
"c:\Users\shiva\Documents\project\Node\isohel-client\backend\env\Lib\site-packages\pip\_vendor\html5lib\filters\sanitizer.py", "Python", 0, 0, 0, 0, 0, 804, 0, 0, 0, 0, 0, 59, 34, 897
"c:\Users\shiva\Documents\project\Node\isohel-client\backend\env\Lib\site-packages\pip\_vendor\html5lib\filters\whitespace.py", "Python", 0, 0, 0, 0, 0, 24, 0, 0, 0, 0, 0, 2, 13, 39
"c:\Users\shiva\Documents\project\Node\isohel-client\backend\env\Lib\site-packages\pip\_vendor\html5lib\html5parser.py", "Python", 0, 0, 0, 0, 0, 2075, 0, 0, 0, 0, 0, 295, 422, 2792
"c:\Users\shiva\Documents\project\Node\isohel-client\backend\env\Lib\site-packages\pip\_vendor\html5lib\serializer.py", "Python", 0, 0, 0, 0, 0, 236, 0, 0, 0, 0, 0, 135, 39, 410
"c:\Users\shiva\Documents\project\Node\isohel-client\backend\env\Lib\site-packages\pip\_vendor\html5lib\treeadapters\__init__.py", "Python", 0, 0, 0, 0, 0, 9, 0, 0, 0, 0, 0, 18, 4, 31
"c:\Users\shiva\Documents\project\Node\isohel-client\backend\env\Lib\site-packages\pip\_vendor\html5lib\treeadapters\genshi.py", "Python", 0, 0, 0, 0, 0, 37, 0, 0, 0, 0, 0, 7, 11, 55
"c:\Users\shiva\Documents\project\Node\isohel-client\backend\env\Lib\site-packages\pip\_vendor\html5lib\treeadapters\sax.py", "Python", 0, 0, 0, 0, 0, 36, 0, 0, 0, 0, 0, 7, 8, 51
"c:\Users\shiva\Documents\project\Node\isohel-client\backend\env\Lib\site-packages\pip\_vendor\html5lib\treebuilders\__init__.py", "Python", 0, 0, 0, 0, 0, 23, 0, 0, 0, 0, 0, 59, 7, 89
"c:\Users\shiva\Documents\project\Node\isohel-client\backend\env\Lib\site-packages\pip\_vendor\html5lib\treebuilders\base.py", "Python", 0, 0, 0, 0, 0, 228, 0, 0, 0, 0, 0, 124, 66, 418
"c:\Users\shiva\Documents\project\Node\isohel-client\backend\env\Lib\site-packages\pip\_vendor\html5lib\treebuilders\dom.py", "Python", 0, 0, 0, 0, 0, 190, 0, 0, 0, 0, 0, 3, 47, 240
"c:\Users\shiva\Documents\project\Node\isohel-client\backend\env\Lib\site-packages\pip\_vendor\html5lib\treebuilders\etree.py", "Python", 0, 0, 0, 0, 0, 267, 0, 0, 0, 0, 0, 10, 64, 341
"c:\Users\shiva\Documents\project\Node\isohel-client\backend\env\Lib\site-packages\pip\_vendor\html5lib\treebuilders\etree_lxml.py", "Python", 0, 0, 0, 0, 0, 275, 0, 0, 0, 0, 0, 26, 66, 367
"c:\Users\shiva\Documents\project\Node\isohel-client\backend\env\Lib\site-packages\pip\_vendor\html5lib\treewalkers\__init__.py", "Python", 0, 0, 0, 0, 0, 94, 0, 0, 0, 0, 0, 42, 19, 155
"c:\Users\shiva\Documents\project\Node\isohel-client\backend\env\Lib\site-packages\pip\_vendor\html5lib\treewalkers\base.py", "Python", 0, 0, 0, 0, 0, 119, 0, 0, 0, 0, 0, 102, 32, 253
"c:\Users\shiva\Documents\project\Node\isohel-client\backend\env\Lib\site-packages\pip\_vendor\html5lib\treewalkers\dom.py", "Python", 0, 0, 0, 0, 0, 31, 0, 0, 0, 0, 0, 0, 13, 44
"c:\Users\shiva\Documents\project\Node\isohel-client\backend\env\Lib\site-packages\pip\_vendor\html5lib\treewalkers\etree.py", "Python", 0, 0, 0, 0, 0, 96, 0, 0, 0, 0, 0, 14, 21, 131
"c:\Users\shiva\Documents\project\Node\isohel-client\backend\env\Lib\site-packages\pip\_vendor\html5lib\treewalkers\etree_lxml.py", "Python", 0, 0, 0, 0, 0, 162, 0, 0, 0, 0, 0, 5, 47, 214
"c:\Users\shiva\Documents\project\Node\isohel-client\backend\env\Lib\site-packages\pip\_vendor\html5lib\treewalkers\genshi.py", "Python", 0, 0, 0, 0, 0, 53, 0, 0, 0, 0, 0, 2, 15, 70
"c:\Users\shiva\Documents\project\Node\isohel-client\backend\env\Lib\site-packages\pip\_vendor\idna\__init__.py", "Python", 0, 0, 0, 0, 0, 2, 0, 0, 0, 0, 0, 0, 1, 3
"c:\Users\shiva\Documents\project\Node\isohel-client\backend\env\Lib\site-packages\pip\_vendor\idna\codec.py", "Python", 0, 0, 0, 0, 0, 88, 0, 0, 0, 0, 0, 5, 26, 119
"c:\Users\shiva\Documents\project\Node\isohel-client\backend\env\Lib\site-packages\pip\_vendor\idna\compat.py", "Python", 0, 0, 0, 0, 0, 8, 0, 0, 0, 0, 0, 0, 5, 13
"c:\Users\shiva\Documents\project\Node\isohel-client\backend\env\Lib\site-packages\pip\_vendor\idna\core.py", "Python", 0, 0, 0, 0, 0, 299, 0, 0, 0, 0, 0, 13, 85, 397
"c:\Users\shiva\Documents\project\Node\isohel-client\backend\env\Lib\site-packages\pip\_vendor\idna\idnadata.py", "Python", 0, 0, 0, 0, 0, 1977, 0, 0, 0, 0, 0, 1, 2, 1980
"c:\Users\shiva\Documents\project\Node\isohel-client\backend\env\Lib\site-packages\pip\_vendor\idna\intranges.py", "Python", 0, 0, 0, 0, 0, 29, 0, 0, 0, 0, 0, 16, 9, 54
"c:\Users\shiva\Documents\project\Node\isohel-client\backend\env\Lib\site-packages\pip\_vendor\idna\package_data.py", "Python", 0, 0, 0, 0, 0, 1, 0, 0, 0, 0, 0, 0, 2, 3
"c:\Users\shiva\Documents\project\Node\isohel-client\backend\env\Lib\site-packages\pip\_vendor\idna\uts46data.py", "Python", 0, 0, 0, 0, 0, 8120, 0, 0, 0, 0, 0, 3, 83, 8206
"c:\Users\shiva\Documents\project\Node\isohel-client\backend\env\Lib\site-packages\pip\_vendor\ipaddress.py", "Python", 0, 0, 0, 0, 0, 1191, 0, 0, 0, 0, 0, 929, 300, 2420
"c:\Users\shiva\Documents\project\Node\isohel-client\backend\env\Lib\site-packages\pip\_vendor\lockfile\__init__.py", "Python", 0, 0, 0, 0, 0, 111, 0, 0, 0, 0, 0, 188, 49, 348
"c:\Users\shiva\Documents\project\Node\isohel-client\backend\env\Lib\site-packages\pip\_vendor\lockfile\linklockfile.py", "Python", 0, 0, 0, 0, 0, 51, 0, 0, 0, 0, 0, 11, 12, 74
"c:\Users\shiva\Documents\project\Node\isohel-client\backend\env\Lib\site-packages\pip\_vendor\lockfile\mkdirlockfile.py", "Python", 0, 0, 0, 0, 0, 62, 0, 0, 0, 0, 0, 11, 12, 85
"c:\Users\shiva\Documents\project\Node\isohel-client\backend\env\Lib\site-packages\pip\_vendor\lockfile\pidlockfile.py", "Python", 0, 0, 0, 0, 0, 77, 0, 0, 0, 0, 0, 87, 27, 191
"c:\Users\shiva\Documents\project\Node\isohel-client\backend\env\Lib\site-packages\pip\_vendor\lockfile\sqlitelockfile.py", "Python", 0, 0, 0, 0, 0, 120, 0, 0, 0, 0, 0, 14, 23, 157
"c:\Users\shiva\Documents\project\Node\isohel-client\backend\env\Lib\site-packages\pip\_vendor\lockfile\symlinklockfile.py", "Python", 0, 0, 0, 0, 0, 46, 0, 0, 0, 0, 0, 13, 12, 71
"c:\Users\shiva\Documents\project\Node\isohel-client\backend\env\Lib\site-packages\pip\_vendor\msgpack\__init__.py", "Python", 0, 0, 0, 0, 0, 32, 0, 0, 0, 0, 0, 19, 15, 66
"c:\Users\shiva\Documents\project\Node\isohel-client\backend\env\Lib\site-packages\pip\_vendor\msgpack\_version.py", "Python", 0, 0, 0, 0, 0, 1, 0, 0, 0, 0, 0, 0, 1, 2
"c:\Users\shiva\Documents\project\Node\isohel-client\backend\env\Lib\site-packages\pip\_vendor\msgpack\exceptions.py", "Python", 0, 0, 0, 0, 0, 17, 0, 0, 0, 0, 0, 15, 17, 49
"c:\Users\shiva\Documents\project\Node\isohel-client\backend\env\Lib\site-packages\pip\_vendor\msgpack\fallback.py", "Python", 0, 0, 0, 0, 0, 772, 0, 0, 0, 0, 0, 179, 77, 1028
"c:\Users\shiva\Documents\project\Node\isohel-client\backend\env\Lib\site-packages\pip\_vendor\packaging\__about__.py", "Python", 0, 0, 0, 0, 0, 19, 0, 0, 0, 0, 0, 3, 6, 28
"c:\Users\shiva\Documents\project\Node\isohel-client\backend\env\Lib\site-packages\pip\_vendor\packaging\__init__.py", "Python", 0, 0, 0, 0, 0, 21, 0, 0, 0, 0, 0, 3, 3, 27
"c:\Users\shiva\Documents\project\Node\isohel-client\backend\env\Lib\site-packages\pip\_vendor\packaging\_compat.py", "Python", 0, 0, 0, 0, 0, 13, 0, 0, 0, 0, 0, 10, 9, 32
"c:\Users\shiva\Documents\project\Node\isohel-client\backend\env\Lib\site-packages\pip\_vendor\packaging\_structures.py", "Python", 0, 0, 0, 0, 0, 41, 0, 0, 0, 0, 0, 3, 25, 69
"c:\Users\shiva\Documents\project\Node\isohel-client\backend\env\Lib\site-packages\pip\_vendor\packaging\markers.py", "Python", 0, 0, 0, 0, 0, 202, 0, 0, 0, 0, 0, 25, 70, 297
"c:\Users\shiva\Documents\project\Node\isohel-client\backend\env\Lib\site-packages\pip\_vendor\packaging\requirements.py", "Python", 0, 0, 0, 0, 0, 89, 0, 0, 0, 0, 0, 18, 32, 139
"c:\Users\shiva\Documents\project\Node\isohel-client\backend\env\Lib\site-packages\pip\_vendor\packaging\specifiers.py", "Python", 0, 0, 0, 0, 0, 351, 0, 0, 0, 0, 0, 262, 137, 750
"c:\Users\shiva\Documents\project\Node\isohel-client\backend\env\Lib\site-packages\pip\_vendor\packaging\utils.py", "Python", 0, 0, 0, 0, 0, 24, 0, 0, 0, 0, 0, 16, 18, 58
"c:\Users\shiva\Documents\project\Node\isohel-client\backend\env\Lib\site-packages\pip\_vendor\packaging\version.py", "Python", 0, 0, 0, 0, 0, 228, 0, 0, 0, 0, 0, 95, 98, 421
"c:\Users\shiva\Documents\project\Node\isohel-client\backend\env\Lib\site-packages\pip\_vendor\pep517\__init__.py", "Python", 0, 0, 0, 0, 0, 1, 0, 0, 0, 0, 0, 2, 2, 5
"c:\Users\shiva\Documents\project\Node\isohel-client\backend\env\Lib\site-packages\pip\_vendor\pep517\_in_process.py", "Python", 0, 0, 0, 0, 0, 122, 0, 0, 0, 0, 0, 45, 41, 208
"c:\Users\shiva\Documents\project\Node\isohel-client\backend\env\Lib\site-packages\pip\_vendor\pep517\build.py", "Python", 0, 0, 0, 0, 0, 79, 0, 0, 0, 0, 0, 7, 23, 109
"c:\Users\shiva\Documents\project\Node\isohel-client\backend\env\Lib\site-packages\pip\_vendor\pep517\check.py", "Python", 0, 0, 0, 0, 0, 159, 0, 0, 0, 0, 0, 3, 41, 203
"c:\Users\shiva\Documents\project\Node\isohel-client\backend\env\Lib\site-packages\pip\_vendor\pep517\colorlog.py", "Python", 0, 0, 0, 0, 0, 61, 0, 0, 0, 0, 0, 40, 15, 116
"c:\Users\shiva\Documents\project\Node\isohel-client\backend\env\Lib\site-packages\pip\_vendor\pep517\compat.py", "Python", 0, 0, 0, 0, 0, 16, 0, 0, 0, 0, 0, 3, 5, 24
"c:\Users\shiva\Documents\project\Node\isohel-client\backend\env\Lib\site-packages\pip\_vendor\pep517\envbuild.py", "Python", 0, 0, 0, 0, 0, 88, 0, 0, 0, 0, 0, 45, 26, 159
"c:\Users\shiva\Documents\project\Node\isohel-client\backend\env\Lib\site-packages\pip\_vendor\pep517\wrappers.py", "Python", 0, 0, 0, 0, 0, 82, 0, 0, 0, 0, 0, 58, 24, 164
"c:\Users\shiva\Documents\project\Node\isohel-client\backend\env\Lib\site-packages\pip\_vendor\pkg_resources\__init__.py", "Python", 0, 0, 0, 0, 0, 1824, 0, 0, 0, 0, 0, 898, 565, 3287
"c:\Users\shiva\Documents\project\Node\isohel-client\backend\env\Lib\site-packages\pip\_vendor\pkg_resources\py31compat.py", "Python", 0, 0, 0, 0, 0, 15, 0, 0, 0, 0, 0, 3, 6, 24
"c:\Users\shiva\Documents\project\Node\isohel-client\backend\env\Lib\site-packages\pip\_vendor\progress\__init__.py", "Python", 0, 0, 0, 0, 0, 127, 0, 0, 0, 0, 0, 14, 37, 178
"c:\Users\shiva\Documents\project\Node\isohel-client\backend\env\Lib\site-packages\pip\_vendor\progress\bar.py", "Python", 0, 0, 0, 0, 0, 55, 0, 0, 0, 0, 0, 14, 23, 92
"c:\Users\shiva\Documents\project\Node\isohel-client\backend\env\Lib\site-packages\pip\_vendor\progress\counter.py", "Python", 0, 0, 0, 0, 0, 16, 0, 0, 0, 0, 0, 14, 12, 42
"c:\Users\shiva\Documents\project\Node\isohel-client\backend\env\Lib\site-packages\pip\_vendor\progress\spinner.py", "Python", 0, 0, 0, 0, 0, 16, 0, 0, 0, 0, 0, 14, 14, 44
"c:\Users\shiva\Documents\project\Node\isohel-client\backend\env\Lib\site-packages\pip\_vendor\pyparsing.py", "Python", 0, 0, 0, 0, 0, 3145, 0, 0, 0, 0, 0, 2748, 601, 6494
"c:\Users\shiva\Documents\project\Node\isohel-client\backend\env\Lib\site-packages\pip\_vendor\pytoml\__init__.py", "Python", 0, 0, 0, 0, 0, 4, 0, 0, 0, 0, 0, 0, 0, 4
"c:\Users\shiva\Documents\project\Node\isohel-client\backend\env\Lib\site-packages\pip\_vendor\pytoml\core.py", "Python", 0, 0, 0, 0, 0, 11, 0, 0, 0, 0, 0, 0, 3, 14
"c:\Users\shiva\Documents\project\Node\isohel-client\backend\env\Lib\site-packages\pip\_vendor\pytoml\parser.py", "Python", 0, 0, 0, 0, 0, 204, 0, 0, 0, 0, 0, 100, 38, 342
"c:\Users\shiva\Documents\project\Node\isohel-client\backend\env\Lib\site-packages\pip\_vendor\pytoml\test.py", "Python", 0, 0, 0, 0, 0, 28, 0, 0, 0, 0, 0, 0, 3, 31
"c:\Users\shiva\Documents\project\Node\isohel-client\backend\env\Lib\site-packages\pip\_vendor\pytoml\utils.py", "Python", 0, 0, 0, 0, 0, 54, 0, 0, 0, 0, 0, 0, 14, 68
"c:\Users\shiva\Documents\project\Node\isohel-client\backend\env\Lib\site-packages\pip\_vendor\pytoml\writer.py", "Python", 0, 0, 0, 0, 0, 84, 0, 0, 0, 0, 0, 1, 22, 107
"c:\Users\shiva\Documents\project\Node\isohel-client\backend\env\Lib\site-packages\pip\_vendor\requests\__init__.py", "Python", 0, 0, 0, 0, 0, 62, 0, 0, 0, 0, 0, 51, 21, 134
"c:\Users\shiva\Documents\project\Node\isohel-client\backend\env\Lib\site-packages\pip\_vendor\requests\__version__.py", "Python", 0, 0, 0, 0, 0, 10, 0, 0, 0, 0, 0, 3, 2, 15
"c:\Users\shiva\Documents\project\Node\isohel-client\backend\env\Lib\site-packages\pip\_vendor\requests\_internal_utils.py", "Python", 0, 0, 0, 0, 0, 17, 0, 0, 0, 0, 0, 18, 8, 43
"c:\Users\shiva\Documents\project\Node\isohel-client\backend\env\Lib\site-packages\pip\_vendor\requests\adapters.py", "Python", 0, 0, 0, 0, 0, 281, 0, 0, 0, 0, 0, 175, 78, 534
"c:\Users\shiva\Documents\project\Node\isohel-client\backend\env\Lib\site-packages\pip\_vendor\requests\api.py", "Python", 0, 0, 0, 0, 0, 28, 0, 0, 0, 0, 0, 104, 27, 159
"c:\Users\shiva\Documents\project\Node\isohel-client\backend\env\Lib\site-packages\pip\_vendor\requests\auth.py", "Python", 0, 0, 0, 0, 0, 200, 0, 0, 0, 0, 0, 48, 58, 306
"c:\Users\shiva\Documents\project\Node\isohel-client\backend\env\Lib\site-packages\pip\_vendor\requests\certs.py", "Python", 0, 0, 0, 0, 0, 3, 0, 0, 0, 0, 0, 13, 3, 19
"c:\Users\shiva\Documents\project\Node\isohel-client\backend\env\Lib\site-packages\pip\_vendor\requests\compat.py", "Python", 0, 0, 0, 0, 0, 36, 0, 0, 0, 0, 0, 24, 15, 75
"c:\Users\shiva\Documents\project\Node\isohel-client\backend\env\Lib\site-packages\pip\_vendor\requests\cookies.py", "Python", 0, 0, 0, 0, 0, 280, 0, 0, 0, 0, 0, 187, 83, 550
"c:\Users\shiva\Documents\project\Node\isohel-client\backend\env\Lib\site-packages\pip\_vendor\requests\exceptions.py", "Python", 0, 0, 0, 0, 0, 35, 0, 0, 0, 0, 0, 42, 50, 127
"c:\Users\shiva\Documents\project\Node\isohel-client\backend\env\Lib\site-packages\pip\_vendor\requests\help.py", "Python", 0, 0, 0, 0, 0, 88, 0, 0, 0, 0, 0, 13, 19, 120
"c:\Users\shiva\Documents\project\Node\isohel-client\backend\env\Lib\site-packages\pip\_vendor\requests\hooks.py", "Python", 0, 0, 0, 0, 0, 14, 0, 0, 0, 0, 0, 14, 7, 35
"c:\Users\shiva\Documents\project\Node\isohel-client\backend\env\Lib\site-packages\pip\_vendor\requests\models.py", "Python", 0, 0, 0, 0, 0, 517, 0, 0, 0, 0, 0, 274, 163, 954
"c:\Users\shiva\Documents\project\Node\isohel-client\backend\env\Lib\site-packages\pip\_vendor\requests\packages.py", "Python", 0, 0, 0, 0, 0, 8, 0, 0, 0, 0, 0, 5, 4, 17
"c:\Users\shiva\Documents\project\Node\isohel-client\backend\env\Lib\site-packages\pip\_vendor\requests\sessions.py", "Python", 0, 0, 0, 0, 0, 353, 0, 0, 0, 0, 0, 279, 139, 771
"c:\Users\shiva\Documents\project\Node\isohel-client\backend\env\Lib\site-packages\pip\_vendor\requests\status_codes.py", "Python", 0, 0, 0, 0, 0, 88, 0, 0, 0, 0, 0, 20, 13, 121
"c:\Users\shiva\Documents\project\Node\isohel-client\backend\env\Lib\site-packages\pip\_vendor\requests\structures.py", "Python", 0, 0, 0, 0, 0, 43, 0, 0, 0, 0, 0, 39, 22, 104
"c:\Users\shiva\Documents\project\Node\isohel-client\backend\env\Lib\site-packages\pip\_vendor\requests\utils.py", "Python", 0, 0, 0, 0, 0, 498, 0, 0, 0, 0, 0, 308, 172, 978
"c:\Users\shiva\Documents\project\Node\isohel-client\backend\env\Lib\site-packages\pip\_vendor\retrying.py", "Python", 0, 0, 0, 0, 0, 162, 0, 0, 0, 0, 0, 50, 56, 268
"c:\Users\shiva\Documents\project\Node\isohel-client\backend\env\Lib\site-packages\pip\_vendor\six.py", "Python", 0, 0, 0, 0, 0, 652, 0, 0, 0, 0, 0, 127, 174, 953
"c:\Users\shiva\Documents\project\Node\isohel-client\backend\env\Lib\site-packages\pip\_vendor\urllib3\__init__.py", "Python", 0, 0, 0, 0, 0, 53, 0, 0, 0, 0, 0, 23, 16, 92
"c:\Users\shiva\Documents\project\Node\isohel-client\backend\env\Lib\site-packages\pip\_vendor\urllib3\_collections.py", "Python", 0, 0, 0, 0, 0, 194, 0, 0, 0, 0, 0, 80, 56, 330
"c:\Users\shiva\Documents\project\Node\isohel-client\backend\env\Lib\site-packages\pip\_vendor\urllib3\connection.py", "Python", 0, 0, 0, 0, 0, 251, 0, 0, 0, 0, 0, 99, 68, 418
"c:\Users\shiva\Documents\project\Node\isohel-client\backend\env\Lib\site-packages\pip\_vendor\urllib3\connectionpool.py", "Python", 0, 0, 0, 0, 0, 414, 0, 0, 0, 0, 0, 360, 124, 898
"c:\Users\shiva\Documents\project\Node\isohel-client\backend\env\Lib\site-packages\pip\_vendor\urllib3\contrib\__init__.py", "Python", 0, 0, 0, 0, 0, 0, 0, 0, 0, 0, 0, 0, 1, 1
"c:\Users\shiva\Documents\project\Node\isohel-client\backend\env\Lib\site-packages\pip\_vendor\urllib3\contrib\_appengine_environ.py", "Python", 0, 0, 0, 0, 0, 16, 0, 0, 0, 0, 0, 3, 12, 31
"c:\Users\shiva\Documents\project\Node\isohel-client\backend\env\Lib\site-packages\pip\_vendor\urllib3\contrib\_securetransport\__init__.py", "Python", 0, 0, 0, 0, 0, 0, 0, 0, 0, 0, 0, 0, 1, 1
"c:\Users\shiva\Documents\project\Node\isohel-client\backend\env\Lib\site-packages\pip\_vendor\urllib3\contrib\_securetransport\bindings.py", "Python", 0, 0, 0, 0, 0, 463, 0, 0, 0, 0, 0, 43, 88, 594
"c:\Users\shiva\Documents\project\Node\isohel-client\backend\env\Lib\site-packages\pip\_vendor\urllib3\contrib\_securetransport\low_level.py", "Python", 0, 0, 0, 0, 0, 187, 0, 0, 0, 0, 0, 109, 51, 347
"c:\Users\shiva\Documents\project\Node\isohel-client\backend\env\Lib\site-packages\pip\_vendor\urllib3\contrib\appengine.py", "Python", 0, 0, 0, 0, 0, 175, 0, 0, 0, 0, 0, 68, 47, 290
"c:\Users\shiva\Documents\project\Node\isohel-client\backend\env\Lib\site-packages\pip\_vendor\urllib3\contrib\ntlmpool.py", "Python", 0, 0, 0, 0, 0, 74, 0, 0, 0, 0, 0, 20, 18, 112
"c:\Users\shiva\Documents\project\Node\isohel-client\backend\env\Lib\site-packages\pip\_vendor\urllib3\contrib\pyopenssl.py", "Python", 0, 0, 0, 0, 0, 305, 0, 0, 0, 0, 0, 99, 82, 486
"c:\Users\shiva\Documents\project\Node\isohel-client\backend\env\Lib\site-packages\pip\_vendor\urllib3\contrib\securetransport.py", "Python", 0, 0, 0, 0, 0, 501, 0, 0, 0, 0, 0, 239, 114, 854
"c:\Users\shiva\Documents\project\Node\isohel-client\backend\env\Lib\site-packages\pip\_vendor\urllib3\contrib\socks.py", "Python", 0, 0, 0, 0, 0, 125, 0, 0, 0, 0, 0, 52, 29, 206
"c:\Users\shiva\Documents\project\Node\isohel-client\backend\env\Lib\site-packages\pip\_vendor\urllib3\exceptions.py", "Python", 0, 0, 0, 0, 0, 128, 0, 0, 0, 0, 0, 37, 82, 247
"c:\Users\shiva\Documents\project\Node\isohel-client\backend\env\Lib\site-packages\pip\_vendor\urllib3\fields.py", "Python", 0, 0, 0, 0, 0, 122, 0, 0, 0, 0, 0, 110, 41, 273
"c:\Users\shiva\Documents\project\Node\isohel-client\backend\env\Lib\site-packages\pip\_vendor\urllib3\filepost.py", "Python", 0, 0, 0, 0, 0, 46, 0, 0, 0, 0, 0, 31, 22, 99
"c:\Users\shiva\Documents\project\Node\isohel-client\backend\env\Lib\site-packages\pip\_vendor\urllib3\packages\__init__.py", "Python", 0, 0, 0, 0, 0, 3, 0, 0, 0, 0, 0, 0, 3, 6
"c:\Users\shiva\Documents\project\Node\isohel-client\backend\env\Lib\site-packages\pip\_vendor\urllib3\packages\backports\__init__.py", "Python", 0, 0, 0, 0, 0, 0, 0, 0, 0, 0, 0, 0, 1, 1
"c:\Users\shiva\Documents\project\Node\isohel-client\backend\env\Lib\site-packages\pip\_vendor\urllib3\packages\backports\makefile.py", "Python", 0, 0, 0, 0, 0, 39, 0, 0, 0, 0, 0, 11, 4, 54
"c:\Users\shiva\Documents\project\Node\isohel-client\backend\env\Lib\site-packages\pip\_vendor\urllib3\packages\rfc3986\__init__.py", "Python", 0, 0, 0, 0, 0, 30, 0, 0, 0, 0, 0, 22, 5, 57
"c:\Users\shiva\Documents\project\Node\isohel-client\backend\env\Lib\site-packages\pip\_vendor\urllib3\packages\rfc3986\_mixin.py", "Python", 0, 0, 0, 0, 0, 165, 0, 0, 0, 0, 0, 157, 32, 354
"c:\Users\shiva\Documents\project\Node\isohel-client\backend\env\Lib\site-packages\pip\_vendor\urllib3\packages\rfc3986\abnf_regexp.py", "Python", 0, 0, 0, 0, 0, 162, 0, 0, 0, 0, 0, 71, 35, 268
"c:\Users\shiva\Documents\project\Node\isohel-client\backend\env\Lib\site-packages\pip\_vendor\urllib3\packages\rfc3986\api.py", "Python", 0, 0, 0, 0, 0, 14, 0, 0, 0, 0, 0, 81, 12, 107
"c:\Users\shiva\Documents\project\Node\isohel-client\backend\env\Lib\site-packages\pip\_vendor\urllib3\packages\rfc3986\builder.py", "Python", 0, 0, 0, 0, 0, 134, 0, 0, 0, 0, 0, 146, 19, 299
"c:\Users\shiva\Documents\project\Node\isohel-client\backend\env\Lib\site-packages\pip\_vendor\urllib3\packages\rfc3986\compat.py", "Python", 0, 0, 0, 0, 0, 27, 0, 0, 0, 0, 0, 17, 11, 55
"c:\Users\shiva\Documents\project\Node\isohel-client\backend\env\Lib\site-packages\pip\_vendor\urllib3\packages\rfc3986\exceptions.py", "Python", 0, 0, 0, 0, 0, 67, 0, 0, 0, 0, 0, 19, 33, 119
"c:\Users\shiva\Documents\project\Node\isohel-client\backend\env\Lib\site-packages\pip\_vendor\urllib3\packages\rfc3986\iri.py", "Python", 0, 0, 0, 0, 0, 82, 0, 0, 0, 0, 0, 47, 19, 148
"c:\Users\shiva\Documents\project\Node\isohel-client\backend\env\Lib\site-packages\pip\_vendor\urllib3\packages\rfc3986\misc.py", "Python", 0, 0, 0, 0, 0, 59, 0, 0, 0, 0, 0, 40, 26, 125
"c:\Users\shiva\Documents\project\Node\isohel-client\backend\env\Lib\site-packages\pip\_vendor\urllib3\packages\rfc3986\normalizers.py", "Python", 0, 0, 0, 0, 0, 81, 0, 0, 0, 0, 0, 48, 39, 168
"c:\Users\shiva\Documents\project\Node\isohel-client\backend\env\Lib\site-packages\pip\_vendor\urllib3\packages\rfc3986\parseresult.py", "Python", 0, 0, 0, 0, 0, 274, 0, 0, 0, 0, 0, 72, 40, 386
"c:\Users\shiva\Documents\project\Node\isohel-client\backend\env\Lib\site-packages\pip\_vendor\urllib3\packages\rfc3986\uri.py", "Python", 0, 0, 0, 0, 0, 51, 0, 0, 0, 0, 0, 91, 12, 154
"c:\Users\shiva\Documents\project\Node\isohel-client\backend\env\Lib\site-packages\pip\_vendor\urllib3\packages\rfc3986\validators.py", "Python", 0, 0, 0, 0, 0, 172, 0, 0, 0, 0, 0, 229, 50, 451
"c:\Users\shiva\Documents\project\Node\isohel-client\backend\env\Lib\site-packages\pip\_vendor\urllib3\packages\six.py", "Python", 0, 0, 0, 0, 0, 615, 0, 0, 0, 0, 0, 88, 166, 869
"c:\Users\shiva\Documents\project\Node\isohel-client\backend\env\Lib\site-packages\pip\_vendor\urllib3\packages\ssl_match_hostname\__init__.py", "Python", 0, 0, 0, 0, 0, 11, 0, 0, 0, 0, 0, 5, 4, 20
"c:\Users\shiva\Documents\project\Node\isohel-client\backend\env\Lib\site-packages\pip\_vendor\urllib3\packages\ssl_match_hostname\_implementation.py", "Python", 0, 0, 0, 0, 0, 84, 0, 0, 0, 0, 0, 53, 20, 157
"c:\Users\shiva\Documents\project\Node\isohel-client\backend\env\Lib\site-packages\pip\_vendor\urllib3\poolmanager.py", "Python", 0, 0, 0, 0, 0, 215, 0, 0, 0, 0, 0, 169, 72, 456
"c:\Users\shiva\Documents\project\Node\isohel-client\backend\env\Lib\site-packages\pip\_vendor\urllib3\request.py", "Python", 0, 0, 0, 0, 0, 52, 0, 0, 0, 0, 0, 76, 23, 151
"c:\Users\shiva\Documents\project\Node\isohel-client\backend\env\Lib\site-packages\pip\_vendor\urllib3\response.py", "Python", 0, 0, 0, 0, 0, 440, 0, 0, 0, 0, 0, 210, 111, 761
"c:\Users\shiva\Documents\project\Node\isohel-client\backend\env\Lib\site-packages\pip\_vendor\urllib3\util\__init__.py", "Python", 0, 0, 0, 0, 0, 53, 0, 0, 0, 0, 0, 1, 3, 57
"c:\Users\shiva\Documents\project\Node\isohel-client\backend\env\Lib\site-packages\pip\_vendor\urllib3\util\connection.py", "Python", 0, 0, 0, 0, 0, 67, 0, 0, 0, 0, 0, 42, 26, 135
"c:\Users\shiva\Documents\project\Node\isohel-client\backend\env\Lib\site-packages\pip\_vendor\urllib3\util\queue.py", "Python", 0, 0, 0, 0, 0, 14, 0, 0, 0, 0, 0, 1, 7, 22
"c:\Users\shiva\Documents\project\Node\isohel-client\backend\env\Lib\site-packages\pip\_vendor\urllib3\util\request.py", "Python", 0, 0, 0, 0, 0, 59, 0, 0, 0, 0, 0, 50, 17, 126
"c:\Users\shiva\Documents\project\Node\isohel-client\backend\env\Lib\site-packages\pip\_vendor\urllib3\util\response.py", "Python", 0, 0, 0, 0, 0, 36, 0, 0, 0, 0, 0, 35, 17, 88
"c:\Users\shiva\Documents\project\Node\isohel-client\backend\env\Lib\site-packages\pip\_vendor\urllib3\util\retry.py", "Python", 0, 0, 0, 0, 0, 185, 0, 0, 0, 0, 0, 169, 59, 413
"c:\Users\shiva\Documents\project\Node\isohel-client\backend\env\Lib\site-packages\pip\_vendor\urllib3\util\ssl_.py", "Python", 0, 0, 0, 0, 0, 206, 0, 0, 0, 0, 0, 129, 58, 393
"c:\Users\shiva\Documents\project\Node\isohel-client\backend\env\Lib\site-packages\pip\_vendor\urllib3\util\timeout.py", "Python", 0, 0, 0, 0, 0, 76, 0, 0, 0, 0, 0, 145, 23, 244
"c:\Users\shiva\Documents\project\Node\isohel-client\backend\env\Lib\site-packages\pip\_vendor\urllib3\util\url.py", "Python", 0, 0, 0, 0, 0, 153, 0, 0, 0, 0, 0, 92, 45, 290
"c:\Users\shiva\Documents\project\Node\isohel-client\backend\env\Lib\site-packages\pip\_vendor\urllib3\util\wait.py", "Python", 0, 0, 0, 0, 0, 83, 0, 0, 0, 0, 0, 44, 24, 151
"c:\Users\shiva\Documents\project\Node\isohel-client\backend\env\Lib\site-packages\pip\_vendor\webencodings\__init__.py", "Python", 0, 0, 0, 0, 0, 126, 0, 0, 0, 0, 0, 173, 44, 343
"c:\Users\shiva\Documents\project\Node\isohel-client\backend\env\Lib\site-packages\pip\_vendor\webencodings\labels.py", "Python", 0, 0, 0, 0, 0, 216, 0, 0, 0, 0, 0, 13, 3, 232
"c:\Users\shiva\Documents\project\Node\isohel-client\backend\env\Lib\site-packages\pip\_vendor\webencodings\mklabels.py", "Python", 0, 0, 0, 0, 0, 26, 0, 0, 0, 0, 0, 24, 10, 60
"c:\Users\shiva\Documents\project\Node\isohel-client\backend\env\Lib\site-packages\pip\_vendor\webencodings\tests.py", "Python", 0, 0, 0, 0, 0, 116, 0, 0, 0, 0, 0, 13, 25, 154
"c:\Users\shiva\Documents\project\Node\isohel-client\backend\env\Lib\site-packages\pip\_vendor\webencodings\x_user_defined.py", "Python", 0, 0, 0, 0, 0, 285, 0, 0, 0, 0, 0, 18, 23, 326
"c:\Users\shiva\Documents\project\Node\isohel-client\backend\env\Lib\site-packages\pkg_resources\__init__.py", "Python", 0, 0, 0, 0, 0, 1831, 0, 0, 0, 0, 0, 900, 565, 3296
"c:\Users\shiva\Documents\project\Node\isohel-client\backend\env\Lib\site-packages\pkg_resources\_vendor\__init__.py", "Python", 0, 0, 0, 0, 0, 0, 0, 0, 0, 0, 0, 0, 1, 1
"c:\Users\shiva\Documents\project\Node\isohel-client\backend\env\Lib\site-packages\pkg_resources\_vendor\appdirs.py", "Python", 0, 0, 0, 0, 0, 306, 0, 0, 0, 0, 0, 240, 63, 609
"c:\Users\shiva\Documents\project\Node\isohel-client\backend\env\Lib\site-packages\pkg_resources\_vendor\packaging\__about__.py", "Python", 0, 0, 0, 0, 0, 13, 0, 0, 0, 0, 0, 3, 6, 22
"c:\Users\shiva\Documents\project\Node\isohel-client\backend\env\Lib\site-packages\pkg_resources\_vendor\packaging\__init__.py", "Python", 0, 0, 0, 0, 0, 9, 0, 0, 0, 0, 0, 3, 3, 15
"c:\Users\shiva\Documents\project\Node\isohel-client\backend\env\Lib\site-packages\pkg_resources\_vendor\packaging\_compat.py", "Python", 0, 0, 0, 0, 0, 13, 0, 0, 0, 0, 0, 10, 8, 31
"c:\Users\shiva\Documents\project\Node\isohel-client\backend\env\Lib\site-packages\pkg_resources\_vendor\packaging\_structures.py", "Python", 0, 0, 0, 0, 0, 41, 0, 0, 0, 0, 0, 3, 25, 69
"c:\Users\shiva\Documents\project\Node\isohel-client\backend\env\Lib\site-packages\pkg_resources\_vendor\packaging\markers.py", "Python", 0, 0, 0, 0, 0, 202, 0, 0, 0, 0, 0, 25, 75, 302
"c:\Users\shiva\Documents\project\Node\isohel-client\backend\env\Lib\site-packages\pkg_resources\_vendor\packaging\requirements.py", "Python", 0, 0, 0, 0, 0, 80, 0, 0, 0, 0, 0, 16, 32, 128
"c:\Users\shiva\Documents\project\Node\isohel-client\backend\env\Lib\site-packages\pkg_resources\_vendor\packaging\specifiers.py", "Python", 0, 0, 0, 0, 0, 375, 0, 0, 0, 0, 0, 262, 138, 775
"c:\Users\shiva\Documents\project\Node\isohel-client\backend\env\Lib\site-packages\pkg_resources\_vendor\packaging\utils.py", "Python", 0, 0, 0, 0, 0, 5, 0, 0, 0, 0, 0, 4, 6, 15
"c:\Users\shiva\Documents\project\Node\isohel-client\backend\env\Lib\site-packages\pkg_resources\_vendor\packaging\version.py", "Python", 0, 0, 0, 0, 0, 212, 0, 0, 0, 0, 0, 95, 87, 394
"c:\Users\shiva\Documents\project\Node\isohel-client\backend\env\Lib\site-packages\pkg_resources\_vendor\pyparsing.py", "Python", 0, 0, 0, 0, 0, 2835, 0, 0, 0, 0, 0, 2367, 541, 5743
"c:\Users\shiva\Documents\project\Node\isohel-client\backend\env\Lib\site-packages\pkg_resources\_vendor\six.py", "Python", 0, 0, 0, 0, 0, 615, 0, 0, 0, 0, 0, 88, 166, 869
"c:\Users\shiva\Documents\project\Node\isohel-client\backend\env\Lib\site-packages\pkg_resources\extern\__init__.py", "Python", 0, 0, 0, 0, 0, 42, 0, 0, 0, 0, 0, 22, 10, 74
"c:\Users\shiva\Documents\project\Node\isohel-client\backend\env\Lib\site-packages\pkg_resources\py31compat.py", "Python", 0, 0, 0, 0, 0, 15, 0, 0, 0, 0, 0, 3, 6, 24
"c:\Users\shiva\Documents\project\Node\isohel-client\backend\env\Lib\site-packages\setuptools\__init__.py", "Python", 0, 0, 0, 0, 0, 125, 0, 0, 0, 0, 0, 56, 48, 229
"c:\Users\shiva\Documents\project\Node\isohel-client\backend\env\Lib\site-packages\setuptools\_deprecation_warning.py", "Python", 0, 0, 0, 0, 0, 1, 0, 0, 0, 0, 0, 6, 1, 8
"c:\Users\shiva\Documents\project\Node\isohel-client\backend\env\Lib\site-packages\setuptools\_vendor\__init__.py", "Python", 0, 0, 0, 0, 0, 0, 0, 0, 0, 0, 0, 0, 1, 1
"c:\Users\shiva\Documents\project\Node\isohel-client\backend\env\Lib\site-packages\setuptools\_vendor\packaging\__about__.py", "Python", 0, 0, 0, 0, 0, 13, 0, 0, 0, 0, 0, 3, 6, 22
"c:\Users\shiva\Documents\project\Node\isohel-client\backend\env\Lib\site-packages\setuptools\_vendor\packaging\__init__.py", "Python", 0, 0, 0, 0, 0, 9, 0, 0, 0, 0, 0, 3, 3, 15
"c:\Users\shiva\Documents\project\Node\isohel-client\backend\env\Lib\site-packages\setuptools\_vendor\packaging\_compat.py", "Python", 0, 0, 0, 0, 0, 13, 0, 0, 0, 0, 0, 10, 8, 31
"c:\Users\shiva\Documents\project\Node\isohel-client\backend\env\Lib\site-packages\setuptools\_vendor\packaging\_structures.py", "Python", 0, 0, 0, 0, 0, 41, 0, 0, 0, 0, 0, 3, 25, 69
"c:\Users\shiva\Documents\project\Node\isohel-client\backend\env\Lib\site-packages\setuptools\_vendor\packaging\markers.py", "Python", 0, 0, 0, 0, 0, 202, 0, 0, 0, 0, 0, 25, 75, 302
"c:\Users\shiva\Documents\project\Node\isohel-client\backend\env\Lib\site-packages\setuptools\_vendor\packaging\requirements.py", "Python", 0, 0, 0, 0, 0, 80, 0, 0, 0, 0, 0, 16, 32, 128
"c:\Users\shiva\Documents\project\Node\isohel-client\backend\env\Lib\site-packages\setuptools\_vendor\packaging\specifiers.py", "Python", 0, 0, 0, 0, 0, 375, 0, 0, 0, 0, 0, 262, 138, 775
"c:\Users\shiva\Documents\project\Node\isohel-client\backend\env\Lib\site-packages\setuptools\_vendor\packaging\utils.py", "Python", 0, 0, 0, 0, 0, 5, 0, 0, 0, 0, 0, 4, 6, 15
"c:\Users\shiva\Documents\project\Node\isohel-client\backend\env\Lib\site-packages\setuptools\_vendor\packaging\version.py", "Python", 0, 0, 0, 0, 0, 212, 0, 0, 0, 0, 0, 95, 87, 394
"c:\Users\shiva\Documents\project\Node\isohel-client\backend\env\Lib\site-packages\setuptools\_vendor\pyparsing.py", "Python", 0, 0, 0, 0, 0, 2835, 0, 0, 0, 0, 0, 2367, 541, 5743
"c:\Users\shiva\Documents\project\Node\isohel-client\backend\env\Lib\site-packages\setuptools\_vendor\six.py", "Python", 0, 0, 0, 0, 0, 615, 0, 0, 0, 0, 0, 88, 166, 869
"c:\Users\shiva\Documents\project\Node\isohel-client\backend\env\Lib\site-packages\setuptools\archive_util.py", "Python", 0, 0, 0, 0, 0, 100, 0, 0, 0, 0, 0, 49, 25, 174
"c:\Users\shiva\Documents\project\Node\isohel-client\backend\env\Lib\site-packages\setuptools\build_meta.py", "Python", 0, 0, 0, 0, 0, 143, 0, 0, 0, 0, 0, 63, 52, 258
"c:\Users\shiva\Documents\project\Node\isohel-client\backend\env\Lib\site-packages\setuptools\command\__init__.py", "Python", 0, 0, 0, 0, 0, 14, 0, 0, 0, 0, 0, 0, 5, 19
"c:\Users\shiva\Documents\project\Node\isohel-client\backend\env\Lib\site-packages\setuptools\command\alias.py", "Python", 0, 0, 0, 0, 0, 61, 0, 0, 0, 0, 0, 2, 18, 81
"c:\Users\shiva\Documents\project\Node\isohel-client\backend\env\Lib\site-packages\setuptools\command\bdist_egg.py", "Python", 0, 0, 0, 0, 0, 379, 0, 0, 0, 0, 0, 42, 82, 503
"c:\Users\shiva\Documents\project\Node\isohel-client\backend\env\Lib\site-packages\setuptools\command\bdist_rpm.py", "Python", 0, 0, 0, 0, 0, 28, 0, 0, 0, 0, 0, 10, 6, 44
"c:\Users\shiva\Documents\project\Node\isohel-client\backend\env\Lib\site-packages\setuptools\command\bdist_wininst.py", "Python", 0, 0, 0, 0, 0, 14, 0, 0, 0, 0, 0, 4, 4, 22
"c:\Users\shiva\Documents\project\Node\isohel-client\backend\env\Lib\site-packages\setuptools\command\build_clib.py", "Python", 0, 0, 0, 0, 0, 61, 0, 0, 0, 0, 0, 27, 11, 99
"c:\Users\shiva\Documents\project\Node\isohel-client\backend\env\Lib\site-packages\setuptools\command\build_ext.py", "Python", 0, 0, 0, 0, 0, 256, 0, 0, 0, 0, 0, 33, 39, 328
"c:\Users\shiva\Documents\project\Node\isohel-client\backend\env\Lib\site-packages\setuptools\command\build_py.py", "Python", 0, 0, 0, 0, 0, 194, 0, 0, 0, 0, 0, 40, 37, 271
"c:\Users\shiva\Documents\project\Node\isohel-client\backend\env\Lib\site-packages\setuptools\command\develop.py", "Python", 0, 0, 0, 0, 0, 147, 0, 0, 0, 0, 0, 36, 39, 222
"c:\Users\shiva\Documents\project\Node\isohel-client\backend\env\Lib\site-packages\setuptools\command\dist_info.py", "Python", 0, 0, 0, 0, 0, 22, 0, 0, 0, 0, 0, 4, 11, 37
"c:\Users\shiva\Documents\project\Node\isohel-client\backend\env\Lib\site-packages\setuptools\command\easy_install.py", "Python", 0, 0, 0, 0, 0, 1595, 0, 0, 0, 0, 0, 443, 305, 2343
"c:\Users\shiva\Documents\project\Node\isohel-client\backend\env\Lib\site-packages\setuptools\command\egg_info.py", "Python", 0, 0, 0, 0, 0, 472, 0, 0, 0, 0, 0, 127, 119, 718
"c:\Users\shiva\Documents\project\Node\isohel-client\backend\env\Lib\site-packages\setuptools\command\install.py", "Python", 0, 0, 0, 0, 0, 84, 0, 0, 0, 0, 0, 20, 22, 126
"c:\Users\shiva\Documents\project\Node\isohel-client\backend\env\Lib\site-packages\setuptools\command\install_egg_info.py", "Python", 0, 0, 0, 0, 0, 46, 0, 0, 0, 0, 0, 5, 12, 63
"c:\Users\shiva\Documents\project\Node\isohel-client\backend\env\Lib\site-packages\setuptools\command\install_lib.py", "Python", 0, 0, 0, 0, 0, 71, 0, 0, 0, 0, 0, 27, 24, 122
"c:\Users\shiva\Documents\project\Node\isohel-client\backend\env\Lib\site-packages\setuptools\command\install_scripts.py", "Python", 0, 0, 0, 0, 0, 49, 0, 0, 0, 0, 0, 6, 11, 66
"c:\Users\shiva\Documents\project\Node\isohel-client\backend\env\Lib\site-packages\setuptools\command\launcher manifest.xml", "XML", 0, 0, 0, 0, 0, 0, 0, 0, 0, 14, 0, 1, 1, 16
"c:\Users\shiva\Documents\project\Node\isohel-client\backend\env\Lib\site-packages\setuptools\command\py36compat.py", "Python", 0, 0, 0, 0, 0, 80, 0, 0, 0, 0, 0, 39, 18, 137
"c:\Users\shiva\Documents\project\Node\isohel-client\backend\env\Lib\site-packages\setuptools\command\register.py", "Python", 0, 0, 0, 0, 0, 14, 0, 0, 0, 0, 0, 1, 4, 19
"c:\Users\shiva\Documents\project\Node\isohel-client\backend\env\Lib\site-packages\setuptools\command\rotate.py", "Python", 0, 0, 0, 0, 0, 54, 0, 0, 0, 0, 0, 1, 12, 67
"c:\Users\shiva\Documents\project\Node\isohel-client\backend\env\Lib\site-packages\setuptools\command\saveopts.py", "Python", 0, 0, 0, 0, 0, 13, 0, 0, 0, 0, 0, 1, 9, 23
"c:\Users\shiva\Documents\project\Node\isohel-client\backend\env\Lib\site-packages\setuptools\command\sdist.py", "Python", 0, 0, 0, 0, 0, 146, 0, 0, 0, 0, 0, 36, 40, 222
"c:\Users\shiva\Documents\project\Node\isohel-client\backend\env\Lib\site-packages\setuptools\command\setopt.py", "Python", 0, 0, 0, 0, 0, 114, 0, 0, 0, 0, 0, 13, 23, 150
"c:\Users\shiva\Documents\project\Node\isohel-client\backend\env\Lib\site-packages\setuptools\command\test.py", "Python", 0, 0, 0, 0, 0, 192, 0, 0, 0, 0, 0, 34, 46, 272
"c:\Users\shiva\Documents\project\Node\isohel-client\backend\env\Lib\site-packages\setuptools\command\upload.py", "Python", 0, 0, 0, 0, 0, 142, 0, 0, 0, 0, 0, 28, 27, 197
"c:\Users\shiva\Documents\project\Node\isohel-client\backend\env\Lib\site-packages\setuptools\command\upload_docs.py", "Python", 0, 0, 0, 0, 0, 165, 0, 0, 0, 0, 0, 17, 25, 207
"c:\Users\shiva\Documents\project\Node\isohel-client\backend\env\Lib\site-packages\setuptools\config.py", "Python", 0, 0, 0, 0, 0, 361, 0, 0, 0, 0, 0, 179, 117, 657
"c:\Users\shiva\Documents\project\Node\isohel-client\backend\env\Lib\site-packages\setuptools\dep_util.py", "Python", 0, 0, 0, 0, 0, 11, 0, 0, 0, 0, 0, 9, 4, 24
"c:\Users\shiva\Documents\project\Node\isohel-client\backend\env\Lib\site-packages\setuptools\depends.py", "Python", 0, 0, 0, 0, 0, 104, 0, 0, 0, 0, 0, 39, 44, 187
"c:\Users\shiva\Documents\project\Node\isohel-client\backend\env\Lib\site-packages\setuptools\dist.py", "Python", 0, 0, 0, 0, 0, 784, 0, 0, 0, 0, 0, 310, 187, 1281
"c:\Users\shiva\Documents\project\Node\isohel-client\backend\env\Lib\site-packages\setuptools\extension.py", "Python", 0, 0, 0, 0, 0, 29, 0, 0, 0, 0, 0, 15, 14, 58
"c:\Users\shiva\Documents\project\Node\isohel-client\backend\env\Lib\site-packages\setuptools\extern\__init__.py", "Python", 0, 0, 0, 0, 0, 42, 0, 0, 0, 0, 0, 22, 10, 74
"c:\Users\shiva\Documents\project\Node\isohel-client\backend\env\Lib\site-packages\setuptools\glibc.py", "Python", 0, 0, 0, 0, 0, 35, 0, 0, 0, 0, 0, 39, 13, 87
"c:\Users\shiva\Documents\project\Node\isohel-client\backend\env\Lib\site-packages\setuptools\glob.py", "Python", 0, 0, 0, 0, 0, 103, 0, 0, 0, 0, 0, 43, 29, 175
"c:\Users\shiva\Documents\project\Node\isohel-client\backend\env\Lib\site-packages\setuptools\launch.py", "Python", 0, 0, 0, 0, 0, 18, 0, 0, 0, 0, 0, 10, 8, 36
"c:\Users\shiva\Documents\project\Node\isohel-client\backend\env\Lib\site-packages\setuptools\lib2to3_ex.py", "Python", 0, 0, 0, 0, 0, 42, 0, 0, 0, 0, 0, 10, 11, 63
"c:\Users\shiva\Documents\project\Node\isohel-client\backend\env\Lib\site-packages\setuptools\monkey.py", "Python", 0, 0, 0, 0, 0, 94, 0, 0, 0, 0, 0, 48, 38, 180
"c:\Users\shiva\Documents\project\Node\isohel-client\backend\env\Lib\site-packages\setuptools\msvc.py", "Python", 0, 0, 0, 0, 0, 686, 0, 0, 0, 0, 0, 462, 154, 1302
"c:\Users\shiva\Documents\project\Node\isohel-client\backend\env\Lib\site-packages\setuptools\namespaces.py", "Python", 0, 0, 0, 0, 0, 76, 0, 0, 0, 0, 0, 11, 21, 108
"c:\Users\shiva\Documents\project\Node\isohel-client\backend\env\Lib\site-packages\setuptools\package_index.py", "Python", 0, 0, 0, 0, 0, 795, 0, 0, 0, 0, 0, 170, 172, 1137
"c:\Users\shiva\Documents\project\Node\isohel-client\backend\env\Lib\site-packages\setuptools\pep425tags.py", "Python", 0, 0, 0, 0, 0, 189, 0, 0, 0, 0, 0, 74, 57, 320
"c:\Users\shiva\Documents\project\Node\isohel-client\backend\env\Lib\site-packages\setuptools\py27compat.py", "Python", 0, 0, 0, 0, 0, 12, 0, 0, 0, 0, 0, 7, 10, 29
"c:\Users\shiva\Documents\project\Node\isohel-client\backend\env\Lib\site-packages\setuptools\py31compat.py", "Python", 0, 0, 0, 0, 0, 19, 0, 0, 0, 0, 0, 6, 8, 33
"c:\Users\shiva\Documents\project\Node\isohel-client\backend\env\Lib\site-packages\setuptools\py33compat.py", "Python", 0, 0, 0, 0, 0, 36, 0, 0, 0, 0, 0, 3, 21, 60
"c:\Users\shiva\Documents\project\Node\isohel-client\backend\env\Lib\site-packages\setuptools\sandbox.py", "Python", 0, 0, 0, 0, 0, 316, 0, 0, 0, 0, 0, 76, 100, 492
"c:\Users\shiva\Documents\project\Node\isohel-client\backend\env\Lib\site-packages\setuptools\site-patch.py", "Python", 0, 0, 0, 0, 0, 57, 0, 0, 0, 0, 0, 4, 14, 75
"c:\Users\shiva\Documents\project\Node\isohel-client\backend\env\Lib\site-packages\setuptools\ssl_support.py", "Python", 0, 0, 0, 0, 0, 164, 0, 0, 0, 0, 0, 52, 45, 261
"c:\Users\shiva\Documents\project\Node\isohel-client\backend\env\Lib\site-packages\setuptools\unicode_utils.py", "Python", 0, 0, 0, 0, 0, 29, 0, 0, 0, 0, 0, 5, 11, 45
"c:\Users\shiva\Documents\project\Node\isohel-client\backend\env\Lib\site-packages\setuptools\version.py", "Python", 0, 0, 0, 0, 0, 5, 0, 0, 0, 0, 0, 0, 2, 7
"c:\Users\shiva\Documents\project\Node\isohel-client\backend\env\Lib\site-packages\setuptools\wheel.py", "Python", 0, 0, 0, 0, 0, 172, 0, 0, 0, 0, 0, 15, 25, 212
"c:\Users\shiva\Documents\project\Node\isohel-client\backend\env\Lib\site-packages\setuptools\windows_support.py", "Python", 0, 0, 0, 0, 0, 16, 0, 0, 0, 0, 0, 7, 7, 30
"c:\Users\shiva\Documents\project\Node\isohel-client\backend\env\Lib\site-packages\werkzeug\__init__.py", "Python", 0, 0, 0, 0, 0, 5, 0, 0, 0, 0, 0, 14, 2, 21
"c:\Users\shiva\Documents\project\Node\isohel-client\backend\env\Lib\site-packages\werkzeug\_compat.py", "Python", 0, 0, 0, 0, 0, 164, 0, 0, 0, 0, 0, 13, 52, 229
"c:\Users\shiva\Documents\project\Node\isohel-client\backend\env\Lib\site-packages\werkzeug\_internal.py", "Python", 0, 0, 0, 0, 0, 300, 0, 0, 0, 0, 0, 97, 77, 474
"c:\Users\shiva\Documents\project\Node\isohel-client\backend\env\Lib\site-packages\werkzeug\_reloader.py", "Python", 0, 0, 0, 0, 0, 238, 0, 0, 0, 0, 0, 43, 61, 342
"c:\Users\shiva\Documents\project\Node\isohel-client\backend\env\Lib\site-packages\werkzeug\datastructures.py", "Python", 0, 0, 0, 0, 0, 1651, 0, 0, 0, 0, 0, 996, 474, 3121
"c:\Users\shiva\Documents\project\Node\isohel-client\backend\env\Lib\site-packages\werkzeug\debug\__init__.py", "Python", 0, 0, 0, 0, 0, 334, 0, 0, 0, 0, 0, 101, 64, 499
"c:\Users\shiva\Documents\project\Node\isohel-client\backend\env\Lib\site-packages\werkzeug\debug\console.py", "Python", 0, 0, 0, 0, 0, 154, 0, 0, 0, 0, 0, 17, 48, 219
"c:\Users\shiva\Documents\project\Node\isohel-client\backend\env\Lib\site-packages\werkzeug\debug\repr.py", "Python", 0, 0, 0, 0, 0, 224, 0, 0, 0, 0, 0, 36, 38, 298
"c:\Users\shiva\Documents\project\Node\isohel-client\backend\env\Lib\site-packages\werkzeug\debug\shared\debugger.js", "JavaScript", 0, 173, 0, 0, 0, 0, 0, 0, 0, 0, 0, 22, 16, 211
"c:\Users\shiva\Documents\project\Node\isohel-client\backend\env\Lib\site-packages\werkzeug\debug\shared\jquery.js", "JavaScript", 0, 1, 0, 0, 0, 0, 0, 0, 0, 0, 0, 1, 1, 3
"c:\Users\shiva\Documents\project\Node\isohel-client\backend\env\Lib\site-packages\werkzeug\debug\shared\style.css", "CSS", 0, 0, 0, 0, 0, 0, 0, 0, 0, 0, 135, 1, 19, 155
"c:\Users\shiva\Documents\project\Node\isohel-client\backend\env\Lib\site-packages\werkzeug\debug\tbtools.py", "Python", 0, 0, 0, 0, 0, 398, 0, 0, 0, 0, 0, 153, 78, 629
"c:\Users\shiva\Documents\project\Node\isohel-client\backend\env\Lib\site-packages\werkzeug\exceptions.py", "Python", 0, 0, 0, 0, 0, 320, 0, 0, 0, 0, 0, 357, 153, 830
"c:\Users\shiva\Documents\project\Node\isohel-client\backend\env\Lib\site-packages\werkzeug\filesystem.py", "Python", 0, 0, 0, 0, 0, 28, 0, 0, 0, 0, 0, 27, 10, 65
"c:\Users\shiva\Documents\project\Node\isohel-client\backend\env\Lib\site-packages\werkzeug\formparser.py", "Python", 0, 0, 0, 0, 0, 349, 0, 0, 0, 0, 0, 166, 70, 585
"c:\Users\shiva\Documents\project\Node\isohel-client\backend\env\Lib\site-packages\werkzeug\http.py", "Python", 0, 0, 0, 0, 0, 671, 0, 0, 0, 0, 0, 513, 124, 1308
"c:\Users\shiva\Documents\project\Node\isohel-client\backend\env\Lib\site-packages\werkzeug\local.py", "Python", 0, 0, 0, 0, 0, 221, 0, 0, 0, 0, 0, 148, 52, 421
"c:\Users\shiva\Documents\project\Node\isohel-client\backend\env\Lib\site-packages\werkzeug\middleware\__init__.py", "Python", 0, 0, 0, 0, 0, 0, 0, 0, 0, 0, 0, 25, 1, 26
"c:\Users\shiva\Documents\project\Node\isohel-client\backend\env\Lib\site-packages\werkzeug\middleware\dispatcher.py", "Python", 0, 0, 0, 0, 0, 19, 0, 0, 0, 0, 0, 40, 8, 67
"c:\Users\shiva\Documents\project\Node\isohel-client\backend\env\Lib\site-packages\werkzeug\middleware\http_proxy.py", "Python", 0, 0, 0, 0, 0, 124, 0, 0, 0, 0, 0, 61, 35, 220
"c:\Users\shiva\Documents\project\Node\isohel-client\backend\env\Lib\site-packages\werkzeug\middleware\lint.py", "Python", 0, 0, 0, 0, 0, 298, 0, 0, 0, 0, 0, 39, 72, 409
"c:\Users\shiva\Documents\project\Node\isohel-client\backend\env\Lib\site-packages\werkzeug\middleware\profiler.py", "Python", 0, 0, 0, 0, 0, 62, 0, 0, 0, 0, 0, 57, 14, 133
"c:\Users\shiva\Documents\project\Node\isohel-client\backend\env\Lib\site-packages\werkzeug\middleware\proxy_fix.py", "Python", 0, 0, 0, 0, 0, 61, 0, 0, 0, 0, 0, 97, 12, 170
"c:\Users\shiva\Documents\project\Node\isohel-client\backend\env\Lib\site-packages\werkzeug\middleware\shared_data.py", "Python", 0, 0, 0, 0, 0, 168, 0, 0, 0, 0, 0, 75, 51, 294
"c:\Users\shiva\Documents\project\Node\isohel-client\backend\env\Lib\site-packages\werkzeug\posixemulation.py", "Python", 0, 0, 0, 0, 0, 83, 0, 0, 0, 0, 0, 21, 14, 118
"c:\Users\shiva\Documents\project\Node\isohel-client\backend\env\Lib\site-packages\werkzeug\routing.py", "Python", 0, 0, 0, 0, 0, 1072, 0, 0, 0, 0, 0, 914, 225, 2211
"c:\Users\shiva\Documents\project\Node\isohel-client\backend\env\Lib\site-packages\werkzeug\security.py", "Python", 0, 0, 0, 0, 0, 118, 0, 0, 0, 0, 0, 95, 37, 250
"c:\Users\shiva\Documents\project\Node\isohel-client\backend\env\Lib\site-packages\werkzeug\serving.py", "Python", 0, 0, 0, 0, 0, 699, 0, 0, 0, 0, 0, 262, 157, 1118
"c:\Users\shiva\Documents\project\Node\isohel-client\backend\env\Lib\site-packages\werkzeug\test.py", "Python", 0, 0, 0, 0, 0, 672, 0, 0, 0, 0, 0, 314, 138, 1124
"c:\Users\shiva\Documents\project\Node\isohel-client\backend\env\Lib\site-packages\werkzeug\testapp.py", "Python", 0, 0, 0, 0, 0, 86, 0, 0, 0, 0, 0, 135, 21, 242
"c:\Users\shiva\Documents\project\Node\isohel-client\backend\env\Lib\site-packages\werkzeug\urls.py", "Python", 0, 0, 0, 0, 0, 562, 0, 0, 0, 0, 0, 427, 150, 1139
"c:\Users\shiva\Documents\project\Node\isohel-client\backend\env\Lib\site-packages\werkzeug\useragents.py", "Python", 0, 0, 0, 0, 0, 99, 0, 0, 0, 0, 0, 88, 16, 203
"c:\Users\shiva\Documents\project\Node\isohel-client\backend\env\Lib\site-packages\werkzeug\utils.py", "Python", 0, 0, 0, 0, 0, 392, 0, 0, 0, 0, 0, 293, 94, 779
"c:\Users\shiva\Documents\project\Node\isohel-client\backend\env\Lib\site-packages\werkzeug\wrappers\__init__.py", "Python", 0, 0, 0, 0, 0, 16, 0, 0, 0, 0, 0, 20, 1, 37
"c:\Users\shiva\Documents\project\Node\isohel-client\backend\env\Lib\site-packages\werkzeug\wrappers\accept.py", "Python", 0, 0, 0, 0, 0, 22, 0, 0, 0, 0, 0, 22, 7, 51
"c:\Users\shiva\Documents\project\Node\isohel-client\backend\env\Lib\site-packages\werkzeug\wrappers\auth.py", "Python", 0, 0, 0, 0, 0, 18, 0, 0, 0, 0, 0, 7, 9, 34
"c:\Users\shiva\Documents\project\Node\isohel-client\backend\env\Lib\site-packages\werkzeug\wrappers\base_request.py", "Python", 0, 0, 0, 0, 0, 281, 0, 0, 0, 0, 0, 333, 60, 674
"c:\Users\shiva\Documents\project\Node\isohel-client\backend\env\Lib\site-packages\werkzeug\wrappers\base_response.py", "Python", 0, 0, 0, 0, 0, 309, 0, 0, 0, 0, 0, 333, 59, 701
"c:\Users\shiva\Documents\project\Node\isohel-client\backend\env\Lib\site-packages\werkzeug\wrappers\common_descriptors.py", "Python", 0, 0, 0, 0, 0, 220, 0, 0, 0, 0, 0, 95, 27, 342
"c:\Users\shiva\Documents\project\Node\isohel-client\backend\env\Lib\site-packages\werkzeug\wrappers\cors.py", "Python", 0, 0, 0, 0, 0, 70, 0, 0, 0, 0, 0, 16, 15, 101
"c:\Users\shiva\Documents\project\Node\isohel-client\backend\env\Lib\site-packages\werkzeug\wrappers\etag.py", "Python", 0, 0, 0, 0, 0, 152, 0, 0, 0, 0, 0, 119, 34, 305
"c:\Users\shiva\Documents\project\Node\isohel-client\backend\env\Lib\site-packages\werkzeug\wrappers\json.py", "Python", 0, 0, 0, 0, 0, 76, 0, 0, 0, 0, 0, 43, 27, 146
"c:\Users\shiva\Documents\project\Node\isohel-client\backend\env\Lib\site-packages\werkzeug\wrappers\request.py", "Python", 0, 0, 0, 0, 0, 20, 0, 0, 0, 0, 0, 22, 8, 50
"c:\Users\shiva\Documents\project\Node\isohel-client\backend\env\Lib\site-packages\werkzeug\wrappers\response.py", "Python", 0, 0, 0, 0, 0, 48, 0, 0, 0, 0, 0, 20, 17, 85
"c:\Users\shiva\Documents\project\Node\isohel-client\backend\env\Lib\site-packages\werkzeug\wrappers\user_agent.py", "Python", 0, 0, 0, 0, 0, 6, 0, 0, 0, 0, 0, 5, 4, 15
"c:\Users\shiva\Documents\project\Node\isohel-client\backend\env\Lib\site-packages\werkzeug\wsgi.py", "Python", 0, 0, 0, 0, 0, 473, 0, 0, 0, 0, 0, 425, 103, 1001
"c:\Users\shiva\Documents\project\Node\isohel-client\backend\env\Scripts\Activate.ps1", "PowerShell", 0, 0, 0, 0, 0, 0, 0, 0, 104, 0, 0, 248, 34, 386
"c:\Users\shiva\Documents\project\Node\isohel-client\backend\env\Scripts\activate.bat", "Batch", 0, 0, 0, 0, 0, 0, 0, 24, 0, 0, 0, 0, 10, 34
"c:\Users\shiva\Documents\project\Node\isohel-client\backend\env\Scripts\deactivate.bat", "Batch", 0, 0, 0, 0, 0, 0, 0, 15, 0, 0, 0, 0, 7, 22
"c:\Users\shiva\Documents\project\Node\isohel-client\backend\env\pyvenv.cfg", "Properties", 3, 0, 0, 0, 0, 0, 0, 0, 0, 0, 0, 0, 1, 4
"c:\Users\shiva\Documents\project\Node\isohel-client\package-lock.json", "JSON", 0, 0, 0, 12998, 0, 0, 0, 0, 0, 0, 0, 0, 1, 12999
"c:\Users\shiva\Documents\project\Node\isohel-client\package.json", "JSON", 0, 0, 0, 53, 0, 0, 0, 0, 0, 0, 0, 0, 1, 54
"c:\Users\shiva\Documents\project\Node\isohel-client\public\index.html", "HTML", 0, 0, 16, 0, 0, 0, 0, 0, 0, 0, 0, 1, 1, 18
"c:\Users\shiva\Documents\project\Node\isohel-client\src\App.vue", "Vue", 0, 0, 0, 0, 51, 0, 0, 0, 0, 0, 0, 0, 11, 62
"c:\Users\shiva\Documents\project\Node\isohel-client\src\auth.js", "JavaScript", 0, 21, 0, 0, 0, 0, 0, 0, 0, 0, 0, 2, 2, 25
"c:\Users\shiva\Documents\project\Node\isohel-client\src\components\StockRow.vue", "Vue", 0, 0, 0, 0, 48, 0, 0, 0, 0, 0, 0, 1, 5, 54
"c:\Users\shiva\Documents\project\Node\isohel-client\src\db.js", "JavaScript", 0, 3, 0, 0, 0, 0, 0, 0, 0, 0, 0, 0, 4, 7
"c:\Users\shiva\Documents\project\Node\isohel-client\src\firebase.js", "JavaScript", 0, 13, 0, 0, 0, 0, 0, 0, 0, 0, 0, 0, 4, 17
"c:\Users\shiva\Documents\project\Node\isohel-client\src\main.js", "JavaScript", 0, 16, 0, 0, 0, 0, 0, 0, 0, 0, 0, 1, 5, 22
"c:\Users\shiva\Documents\project\Node\isohel-client\src\router\index.js", "JavaScript", 0, 37, 0, 0, 0, 0, 0, 0, 0, 0, 0, 0, 7, 44
"c:\Users\shiva\Documents\project\Node\isohel-client\src\store\auth.js", "JavaScript", 0, 35, 0, 0, 0, 0, 0, 0, 0, 0, 0, 0, 8, 43
"c:\Users\shiva\Documents\project\Node\isohel-client\src\store\index.js", "JavaScript", 0, 9, 0, 0, 0, 0, 0, 0, 0, 0, 0, 0, 4, 13
"c:\Users\shiva\Documents\project\Node\isohel-client\src\views\Dash.vue", "Vue", 0, 0, 0, 0, 63, 0, 0, 0, 0, 0, 0, 0, 4, 67
"c:\Users\shiva\Documents\project\Node\isohel-client\src\views\Home.vue", "Vue", 0, 0, 0, 0, 15, 0, 0, 0, 0, 0, 0, 0, 3, 18
"Total", "-", 82, 313, 16, 13051, 177, 118851, 19, 39, 104, 14, 135, 50495, 25189, 208485